feature,split,mean,std,min,max,abs_mean,abs_max,nan_count
ret_1,train,4.440892098500626e-18,1.0,-6.772270941720134,7.044690864640844,4.440892098500626e-18,7.044690864640844,0
log_ret_1,train,-6.661338147750939e-18,1.0,-6.876648606824533,6.956436002598237,6.661338147750939e-18,6.956436002598237,0
ret_3,train,1.3322676295501878e-17,0.9999999999999999,-7.3598105482783325,6.525821111035846,1.3322676295501878e-17,7.3598105482783325,0
log_ret_3,train,-1.7763568394002505e-17,1.0,-7.587678360182952,6.380022353288277,1.7763568394002505e-17,7.587678360182952,0
ret_5,train,8.881784197001253e-18,1.0,-6.738538526058219,5.629867115019966,8.881784197001253e-18,6.738538526058219,0
log_ret_5,train,1.3322676295501878e-17,0.9999999999999999,-6.983106021314252,5.483249358691415,1.3322676295501878e-17,6.983106021314252,0
ret_10,train,-1.3322676295501878e-17,0.9999999999999998,-6.2221292933683685,5.000247330428047,1.3322676295501878e-17,6.2221292933683685,0
log_ret_10,train,-8.881784197001253e-18,1.0,-6.5205896507426875,4.828644378290555,8.881784197001253e-18,6.5205896507426875,0
ret_20,train,-8.881784197001253e-18,0.9999999999999998,-4.468457328112964,4.315774527657894,8.881784197001253e-18,4.468457328112964,0
log_ret_20,train,-1.7763568394002505e-17,0.9999999999999999,-4.691995608243683,4.137496383078403,1.7763568394002505e-17,4.691995608243683,0
ret_48,train,1.7763568394002505e-17,1.0,-3.1771247514156564,3.9051495058215764,1.7763568394002505e-17,3.9051495058215764,0
log_ret_48,train,8.881784197001253e-18,1.0,-3.3676018691320024,3.701411425600669,8.881784197001253e-18,3.701411425600669,0
ma_dev_5,train,2.6645352591003756e-17,1.0,-6.078844581482159,7.141312537907284,2.6645352591003756e-17,7.141312537907284,0
ma_slope_5,train,-8.881784197001253e-18,1.0,-7.024536064546441,5.605280074147087,8.881784197001253e-18,7.024536064546441,0
ma_dev_10,train,-1.7763568394002505e-17,1.0,-5.887157333305421,6.108208136619746,1.7763568394002505e-17,6.108208136619746,0
ma_slope_10,train,-2.6645352591003756e-17,1.0,-6.523360160332291,4.8277031108673425,2.6645352591003756e-17,6.523360160332291,0
ma_dev_20,train,-8.881784197001253e-18,1.0,-5.525914811007006,4.85225928661095,8.881784197001253e-18,5.525914811007006,0
ma_slope_20,train,8.881784197001253e-18,0.9999999999999998,-4.755864073392293,4.152776333926197,8.881784197001253e-18,4.755864073392293,0
ma_dev_48,train,0.0,1.0,-4.0824906808888475,4.301892135076628,0.0,4.301892135076628,0
ma_slope_48,train,0.0,1.0,-3.5011632818440743,3.7266461285693753,0.0,3.7266461285693753,0
ma_gap_5_20,train,-8.881784197001253e-18,0.9999999999999998,-5.813809498350548,5.141101119536848,8.881784197001253e-18,5.813809498350548,0
ma_gap_10_48,train,-2.6645352591003756e-17,1.0,-4.158617371402913,3.990509969225178,2.6645352591003756e-17,4.158617371402913,0
mom_3_10,train,-2.6645352591003756e-17,1.0,-5.3469673916509945,6.39394600120219,2.6645352591003756e-17,6.39394600120219,0
mom_5_20,train,-8.881784197001253e-18,1.0,-4.850082548402633,5.28285968565574,8.881784197001253e-18,5.28285968565574,0
mom_10_48,train,1.7763568394002505e-17,1.0,-3.993461863022381,3.082737465023069,1.7763568394002505e-17,3.993461863022381,0
ret_recent_3,train,4.440892098500626e-18,1.0,-7.359810548278776,6.5258211110361675,4.440892098500626e-18,7.359810548278776,0
ret_prev_3,train,1.3322676295501878e-17,0.9999999999999999,-7.361868702374685,6.527102803677703,1.3322676295501878e-17,7.361868702374685,0
ret_prev_6,train,4.440892098500626e-18,1.0,-6.509472822117381,5.114295282773306,4.440892098500626e-18,6.509472822117381,0
mom_change_3,train,4.024558464266192e-18,0.9999999999999998,-7.094434672168848,5.665152828606252,4.024558464266192e-18,7.094434672168848,0
mom_change_6,train,4.440892098500626e-18,0.9999999999999998,-5.859026661250517,4.871447649817938,4.440892098500626e-18,5.859026661250517,0
up_bar,train,8.43769498715119e-17,1.0,-0.9171678024798071,1.0903130237413852,8.43769498715119e-17,1.0903130237413852,0
down_bar,train,0.0,1.0000000000000002,-1.0285318728677413,0.9722596123461019,0.0,1.0285318728677413,0
up_ratio_3,train,-4.884981308350689e-17,1.0,-1.6209329202290053,1.9285552262578678,4.884981308350689e-17,1.9285552262578678,0
down_ratio_3,train,-1.3322676295501878e-16,0.9999999999999999,-1.8382230476353123,1.7362029716677052,1.3322676295501878e-16,1.8382230476353123,0
up_ratio_5,train,-1.0658141036401502e-16,1.0,-2.087392103616617,2.4827055507164246,1.0658141036401502e-16,2.4827055507164246,0
down_ratio_5,train,-3.1086244689504386e-17,1.0,-2.3870886006956353,2.255359145886371,3.1086244689504386e-17,2.3870886006956353,0
up_ratio_10,train,8.881784197001253e-17,0.9999999999999999,-2.3514306042731894,2.922960306915249,8.881784197001253e-17,2.922960306915249,0
down_ratio_10,train,-1.9539925233402755e-16,1.0,-2.798116037652758,2.6039782733510584,1.9539925233402755e-16,2.798116037652758,0
up_ratio_20,train,-1.7763568394002505e-17,1.0,-2.7951957738119027,3.1371619727609845,1.7763568394002505e-17,3.1371619727609845,0
down_ratio_20,train,1.092459456231154e-15,1.0,-2.9895264972419855,2.7107474733668973,1.092459456231154e-15,2.9895264972419855,0
body,train,-2.220446049250313e-18,0.9999999999999999,-4.197585515923704,5.694390722228908,2.220446049250313e-18,5.694390722228908,0
bar_range,train,-4.4408920985006264e-17,0.9999999999999998,-1.138167638385134,7.670748727112153,4.4408920985006264e-17,7.670748727112153,0
upper_shadow,train,7.327471962526034e-17,1.0,-0.7699293831839367,7.248319240518445,7.327471962526034e-17,7.248319240518445,0
lower_shadow,train,7.105427357601002e-17,1.0,-0.733921502898306,8.092653421406162,7.105427357601002e-17,8.092653421406162,0
close_position,train,1.942890293094024e-16,1.0,-1.3317092976567029,1.545966765864934,1.942890293094024e-16,1.545966765864934,0
vol_5,train,8.881784197001253e-17,1.0,-1.0013934768843529,10.850136151715674,8.881784197001253e-17,10.850136151715674,0
range_mean_5,train,2.6645352591003756e-17,1.0,-1.428891143495867,5.725925403870274,2.6645352591003756e-17,5.725925403870274,0
range_vol_5,train,6.217248937900877e-17,0.9999999999999999,-1.0360052662414654,6.908185709370203,6.217248937900877e-17,6.908185709370203,0
vol_10,train,2.6645352591003756e-17,0.9999999999999999,-1.058590902736746,8.062377981025504,2.6645352591003756e-17,8.062377981025504,0
range_mean_10,train,3.552713678800501e-17,1.0,-1.55007832799832,5.794208821641103,3.552713678800501e-17,5.794208821641103,0
range_vol_10,train,-1.4210854715202004e-16,1.0,-1.1923326445949274,5.453508703953455,1.4210854715202004e-16,5.453508703953455,0
vol_20,train,-5.329070518200751e-17,1.0,-1.1325894186461334,6.1207830497738005,5.329070518200751e-17,6.1207830497738005,0
range_mean_20,train,-3.1974423109204507e-16,1.0,-1.6493743733117812,4.783323043221864,3.1974423109204507e-16,4.783323043221864,0
range_vol_20,train,2.6645352591003756e-16,1.0,-1.3922231362367607,4.010314940850627,2.6645352591003756e-16,4.010314940850627,0
vol_48,train,-1.4210854715202004e-16,1.0,-1.203204586183594,4.153472027825678,1.4210854715202004e-16,4.153472027825678,0
range_mean_48,train,-3.907985046680551e-16,1.0,-1.4873737181771447,3.402528172039448,3.907985046680551e-16,3.402528172039448,0
range_vol_48,train,-3.9968028886505636e-16,1.0,-1.5750130976089434,3.1503325122997166,3.9968028886505636e-16,3.1503325122997166,0
parkinson_vol_5,train,-2.3092638912203257e-16,1.0,-1.3505768575410253,5.453885219529463,2.3092638912203257e-16,5.453885219529463,0
parkinson_vol_10,train,4.1744385725905884e-16,1.0,-1.4820250451952768,5.071809416274258,4.1744385725905884e-16,5.071809416274258,0
parkinson_vol_20,train,2.1316282072803005e-16,1.0,-1.6106280203701155,4.2900090751107625,2.1316282072803005e-16,4.2900090751107625,0
parkinson_vol_48,train,-4.618527782440651e-16,1.0,-1.605887820693357,3.210232772433914,4.618527782440651e-16,3.210232772433914,0
vol_ratio_5_20,train,3.8857805861880476e-17,0.9999999999999999,-2.033161816591452,2.7466848189484443,3.8857805861880476e-17,2.7466848189484443,0
vol_ratio_10_48,train,3.108624468950438e-16,1.0,-1.9629497514097063,3.0404889455027115,3.108624468950438e-16,3.0404889455027115,0
mom_z_3_20,train,2.220446049250313e-18,1.0,-3.7951624074921373,3.801191678056634,2.220446049250313e-18,3.801191678056634,0
mom_z_5_20,train,-3.1086244689504386e-17,1.0,-3.402594399106179,3.3887403771813664,3.1086244689504386e-17,3.402594399106179,0
mom_z_10_48,train,-8.881784197001253e-18,1.0,-3.3228351232400017,3.8877176023918154,8.881784197001253e-18,3.8877176023918154,0
vol_zscore_5_20,train,1.1657341758564143e-17,1.0,-2.2051849824221588,3.5477798518199672,1.1657341758564143e-17,3.5477798518199672,0
vol_zscore_5_48,train,-4.440892098500626e-18,0.9999999999999998,-1.9844075856519083,5.538403494992286,4.440892098500626e-18,5.538403494992286,0
vol_zscore_10_20,train,-4.440892098500626e-18,1.0,-2.4845260614209943,3.211480162913927,4.440892098500626e-18,3.211480162913927,0
vol_zscore_10_48,train,-1.9984014443252817e-17,0.9999999999999999,-2.275256242180883,5.155836130619034,1.9984014443252817e-17,5.155836130619034,0
vol_zscore_20_20,train,-4.996003610813204e-18,1.0,-2.793739486491764,2.958084615295349,4.996003610813204e-18,2.958084615295349,0
vol_zscore_20_48,train,-1.7763568394002505e-17,0.9999999999999998,-2.3074141013696643,4.4370214320824966,1.7763568394002505e-17,4.4370214320824966,0
vwap_bar_dev,train,-6.661338147750939e-18,1.0,-4.777371414962147,5.659592513734913,6.661338147750939e-18,5.659592513734913,0
vwap_dev_day,train,0.0,1.0,-3.5422863721578532,4.982043830882102,0.0,4.982043830882102,0
vwap_cum_slope_3,train,1.7763568394002505e-17,0.9999999999999999,-9.887673389500744,9.172997558952597,1.7763568394002505e-17,9.887673389500744,0
vwap_cum_slope_6,train,-1.3322676295501878e-17,0.9999999999999999,-8.758142687244884,10.02029313864333,1.3322676295501878e-17,10.02029313864333,0
vwap_roll_dev_5,train,-3.3306690738754695e-17,0.9999999999999998,-4.082881640628809,5.608710933003213,3.3306690738754695e-17,5.608710933003213,0
vwap_roll_slope_5,train,-8.881784197001253e-18,0.9999999999999999,-6.195913197042561,9.740331681733572,8.881784197001253e-18,9.740331681733572,0
vwap_roll_dev_10,train,-8.881784197001253e-18,1.0,-3.3616998673063927,5.8870304822847235,8.881784197001253e-18,5.8870304822847235,0
vwap_roll_slope_10,train,-8.881784197001253e-18,1.0,-5.966469313713695,9.823507963311924,8.881784197001253e-18,9.823507963311924,0
vwap_roll_dev_20,train,-2.6645352591003756e-17,1.0,-3.001844752903003,4.950836610506159,2.6645352591003756e-17,4.950836610506159,0
vwap_roll_slope_20,train,0.0,0.9999999999999999,-5.473401497582029,9.638888853593091,0.0,9.638888853593091,0
vwap_roll_dev_48,train,-3.552713678800501e-17,1.0,-3.044240839783202,4.502705368369521,3.552713678800501e-17,4.502705368369521,0
vwap_roll_slope_48,train,0.0,1.0,-6.310090566125807,6.301231403365589,0.0,6.310090566125807,0
vwap_spread_20_day,train,3.552713678800501e-17,1.0,-5.2024259052958755,5.124732098946272,3.552713678800501e-17,5.2024259052958755,0
vwap_spread_48_day,train,0.0,1.0,-6.2410869234644615,4.431142894414531,0.0,6.2410869234644615,0
clv,train,1.6653345369377347e-17,1.0,-1.3317092976636165,1.5459667658584149,1.6653345369377347e-17,1.5459667658584149,0
clv_mean_5,train,3.9968028886505634e-17,1.0,-2.7572723614891372,3.0853105791235054,3.9968028886505634e-17,3.0853105791235054,0
clv_sum_5,train,4.440892098500626e-18,1.0,-2.757272361489138,3.085310579123505,4.440892098500626e-18,3.085310579123505,0
clv_mean_10,train,8.881784197001253e-18,1.0,-3.000219675308175,3.228061544769778,8.881784197001253e-18,3.228061544769778,0
clv_sum_10,train,-1.7763568394002505e-17,1.0,-3.0002196753081756,3.228061544769778,1.7763568394002505e-17,3.228061544769778,0
clv_mean_20,train,8.881784197001253e-18,1.0,-2.717308436442575,2.807896949205224,8.881784197001253e-18,2.807896949205224,0
clv_sum_20,train,6.217248937900877e-17,1.0,-2.717308436442575,2.8078969492052237,6.217248937900877e-17,2.8078969492052237,0
clv_mean_48,train,2.6645352591003756e-17,1.0,-2.507607112196372,2.7572367514626475,2.6645352591003756e-17,2.7572367514626475,0
clv_sum_48,train,-8.881784197001253e-18,1.0,-2.507607112196373,2.7572367514626475,8.881784197001253e-18,2.7572367514626475,0
clv_volume,train,2.886579864025407e-17,1.0,-1.5106629753196523,1.734003335147632,2.886579864025407e-17,1.734003335147632,0
clv_volume_sum_5,train,3.552713678800501e-17,1.0,-2.75819725280588,3.3016881448939426,3.552713678800501e-17,3.3016881448939426,0
clv_volume_mean_5,train,4.440892098500626e-18,1.0,-2.75819725280588,3.3016881448939417,4.440892098500626e-18,3.3016881448939417,0
clv_volume_sum_10,train,-1.3322676295501878e-17,1.0,-3.034849186979137,3.2989372697840373,1.3322676295501878e-17,3.2989372697840373,0
clv_volume_mean_10,train,3.1086244689504386e-17,1.0,-3.0348491869791365,3.298937269784038,3.1086244689504386e-17,3.298937269784038,0
clv_volume_sum_20,train,2.6645352591003756e-17,1.0,-2.630075424025931,2.86261203925505,2.6645352591003756e-17,2.86261203925505,0
clv_volume_mean_20,train,-1.1102230246251565e-16,0.9999999999999999,-2.630075424025931,2.8626120392550494,1.1102230246251565e-16,2.8626120392550494,0
clv_volume_sum_48,train,-7.105427357601002e-17,1.0,-2.4959670775068417,2.759220620434267,7.105427357601002e-17,2.759220620434267,0
clv_volume_mean_48,train,-4.4408920985006264e-17,1.0,-2.4959670775068417,2.7592206204342666,4.4408920985006264e-17,2.7592206204342666,0
adl_roll_norm_10,train,-3.1086244689504386e-17,1.0,-2.849473790076075,3.3820399911465384,3.1086244689504386e-17,3.3820399911465384,0
adl_roll_norm_20,train,4.884981308350689e-17,0.9999999999999999,-2.437001191721145,3.195133122478434,4.884981308350689e-17,3.195133122478434,0
adl_roll_norm_48,train,6.217248937900877e-17,1.0,-2.212201324579004,3.0617106506564684,6.217248937900877e-17,3.0617106506564684,0
volume_ratio_5,train,1.5709655798445965e-16,1.0,-1.6254517159332558,6.025275326241801,1.5709655798445965e-16,6.025275326241801,0
amount_ratio_5,train,3.3195668436292183e-16,0.9999999999999999,-1.6228670574382336,6.083403297353241,3.3195668436292183e-16,6.083403297353241,0
log_volume_ratio_5,train,3.9690473130349345e-17,1.0,-2.750295138020609,3.3834884151631295,3.9690473130349345e-17,3.3834884151631295,0
log_amount_ratio_5,train,-2.1371793224034264e-17,1.0,-2.7478146145427504,3.402599410830804,2.1371793224034264e-17,3.402599410830804,0
volume_ratio_10,train,-9.325873406851315e-17,1.0,-1.3447428421343608,8.085203068442645,9.325873406851315e-17,8.085203068442645,0
amount_ratio_10,train,-9.325873406851315e-17,1.0,-1.3425948096283156,8.183511282444666,9.325873406851315e-17,8.183511282444666,0
log_volume_ratio_10,train,1.1657341758564143e-17,0.9999999999999999,-2.795877809496495,3.6274905093983794,1.1657341758564143e-17,3.6274905093983794,0
log_amount_ratio_10,train,-4.5519144009631415e-17,1.0,-2.8067721340309326,3.650323136214001,4.5519144009631415e-17,3.650323136214001,0
volume_ratio_20,train,-2.7755575615628914e-17,1.0,-1.124505024777151,9.219225823197672,2.7755575615628914e-17,9.219225823197672,0
amount_ratio_20,train,-9.547918011776346e-17,0.9999999999999999,-1.1177695839789297,9.327852600730942,9.547918011776346e-17,9.327852600730942,0
log_volume_ratio_20,train,-3.164135620181696e-17,1.0,-2.770088205752572,3.546785655796653,3.164135620181696e-17,3.546785655796653,0
log_amount_ratio_20,train,1.3877787807814457e-17,1.0,-2.7643196571956685,3.5686374828840375,1.3877787807814457e-17,3.5686374828840375,0
volume_ratio_48,train,-2.220446049250313e-18,1.0,-0.9916955506552494,9.043292866997609,2.220446049250313e-18,9.043292866997609,0
amount_ratio_48,train,7.882583474838611e-17,1.0,-0.9805128703477257,9.238192835650706,7.882583474838611e-17,9.238192835650706,0
log_volume_ratio_48,train,-4.662936703425657e-17,1.0,-2.5037677112536727,3.619477853759278,4.662936703425657e-17,3.619477853759278,0
log_amount_ratio_48,train,-2.220446049250313e-18,0.9999999999999999,-2.4903294937650404,3.657801725465767,2.220446049250313e-18,3.657801725465767,0
volume_change,train,-1.1102230246251566e-18,0.9999999999999998,-1.2466321606927093,11.36887089535904,1.1102230246251566e-18,11.36887089535904,0
amount_change,train,2.2204460492503132e-17,0.9999999999999999,-1.2404092074204303,11.480195643459556,2.2204460492503132e-17,11.480195643459556,0
ret_volume,train,0.0,0.9999999999999998,-7.52570100522355,7.683016214644496,0.0,7.683016214644496,0
ret_amount,train,8.881784197001253e-18,1.0,-7.432359722363771,7.572766964565273,8.881784197001253e-18,7.572766964565273,0
ret_volume_sum_5,train,-8.881784197001253e-18,1.0,-7.62009483359867,6.233160569920374,8.881784197001253e-18,7.62009483359867,0
ret_amount_sum_5,train,-1.3322676295501878e-17,1.0,-7.383533175958375,6.179215604698881,1.3322676295501878e-17,7.383533175958375,0
ret_volume_sum_10,train,0.0,1.0,-6.916658850672167,5.25774994949773,0.0,6.916658850672167,0
ret_amount_sum_10,train,0.0,1.0,-6.763631245446561,5.2375065763266715,0.0,6.763631245446561,0
ret_volume_sum_20,train,5.329070518200751e-17,1.0,-4.953235088695391,4.356381229477719,5.329070518200751e-17,4.953235088695391,0
ret_amount_sum_20,train,0.0,1.0,-4.847718851689024,4.351547991174264,0.0,4.847718851689024,0
signed_volume,train,-3.1086244689504386e-17,1.0,-1.142555203478938,1.2683878292007185,3.1086244689504386e-17,1.2683878292007185,0
signed_amount,train,3.3306690738754695e-17,1.0,-1.116353046308089,1.232201427906572,3.3306690738754695e-17,1.232201427906572,0
signed_volume_sum_5,train,1.7763568394002505e-17,1.0,-2.4550590547262114,2.7412511122332335,1.7763568394002505e-17,2.7412511122332335,0
signed_amount_sum_5,train,4.440892098500626e-18,1.0,-2.3958244222920824,2.705088198089477,4.440892098500626e-18,2.705088198089477,0
signed_volume_mean_5,train,8.881784197001253e-18,1.0,-2.4550590547262114,2.7412511122332335,8.881784197001253e-18,2.7412511122332335,0
signed_amount_mean_5,train,-1.7763568394002505e-17,1.0,-2.3958244222920833,2.7050881980894776,1.7763568394002505e-17,2.7050881980894776,0
signed_volume_sum_10,train,-8.881784197001253e-18,0.9999999999999999,-2.791847652248377,3.102775646341576,8.881784197001253e-18,3.102775646341576,0
signed_amount_sum_10,train,-2.6645352591003756e-17,0.9999999999999998,-2.759393851841112,3.049337010118813,2.6645352591003756e-17,3.049337010118813,0
signed_volume_mean_10,train,1.7763568394002505e-17,1.0,-2.791847652248377,3.1027756463415765,1.7763568394002505e-17,3.1027756463415765,0
signed_amount_mean_10,train,-2.2204460492503132e-17,1.0,-2.759393851841112,3.049337010118813,2.2204460492503132e-17,3.049337010118813,0
signed_volume_sum_20,train,0.0,1.0,-2.645904547327766,3.2492225097796896,0.0,3.2492225097796896,0
signed_amount_sum_20,train,-1.7763568394002505e-17,1.0,-2.663845755201355,3.1968153213059156,1.7763568394002505e-17,3.1968153213059156,0
signed_volume_mean_20,train,-3.552713678800501e-17,1.0,-2.645904547327766,3.2492225097796896,3.552713678800501e-17,3.2492225097796896,0
signed_amount_mean_20,train,3.552713678800501e-17,1.0,-2.663845755201355,3.196815321305916,3.552713678800501e-17,3.196815321305916,0
signed_volume_sum_48,train,-8.881784197001253e-18,0.9999999999999999,-2.584742401132799,3.3347308708573142,8.881784197001253e-18,3.3347308708573142,0
signed_amount_sum_48,train,0.0,1.0,-2.574205158334057,3.287804570267296,0.0,3.287804570267296,0
signed_volume_mean_48,train,1.7763568394002505e-17,1.0,-2.584742401132799,3.3347308708573147,1.7763568394002505e-17,3.3347308708573147,0
signed_amount_mean_48,train,-3.552713678800501e-17,1.0,-2.5742051583340566,3.287804570267295,3.552713678800501e-17,3.287804570267295,0
up_volume_ratio,train,2.2204460492503132e-17,1.0,-0.6122910023511062,8.842811506823763,2.2204460492503132e-17,8.842811506823763,0
down_volume_ratio,train,-1.3322676295501878e-17,1.0,-0.7335936398086845,5.87009977625198,1.3322676295501878e-17,5.87009977625198,0
up_amount_ratio,train,4.884981308350689e-17,1.0,-0.608573151375297,8.95850560900382,4.884981308350689e-17,8.95850560900382,0
down_amount_ratio,train,-1.5543122344752193e-17,1.0,-0.7348587627349069,5.945535243305697,1.5543122344752193e-17,5.945535243305697,0
up_volume_ratio_mean_5,train,2.2204460492503132e-17,1.0,-1.01240987188474,6.862383681747294,2.2204460492503132e-17,6.862383681747294,0
down_volume_ratio_mean_5,train,-9.325873406851315e-17,1.0,-1.2353077257834633,7.106334386910853,9.325873406851315e-17,7.106334386910853,0
up_amount_ratio_mean_5,train,6.217248937900877e-17,1.0,-1.002422677227802,6.870070755191652,6.217248937900877e-17,6.870070755191652,0
down_amount_ratio_mean_5,train,-3.1086244689504386e-17,1.0,-1.2438165772871592,7.012764594554453,3.1086244689504386e-17,7.012764594554453,0
up_volume_ratio_mean_10,train,-1.554312234475219e-16,1.0,-1.2287229854512454,5.553967018025875,1.554312234475219e-16,5.553967018025875,0
down_volume_ratio_mean_10,train,-1.509903313490213e-16,1.0,-1.44920606804611,5.501270087228099,1.509903313490213e-16,5.501270087228099,0
up_amount_ratio_mean_10,train,-2.6645352591003756e-17,1.0,-1.2165071365067537,5.550743024674082,2.6645352591003756e-17,5.550743024674082,0
down_amount_ratio_mean_10,train,-2.1316282072803005e-16,0.9999999999999998,-1.4600604850124996,5.454803263478781,2.1316282072803005e-16,5.454803263478781,0
up_volume_ratio_mean_20,train,5.329070518200751e-17,1.0,-1.6064874168435535,4.832279233303126,5.329070518200751e-17,4.832279233303126,0
down_volume_ratio_mean_20,train,2.842170943040401e-16,1.0,-1.648413054332402,4.418782054749307,2.842170943040401e-16,4.418782054749307,0
up_amount_ratio_mean_20,train,1.9539925233402755e-16,1.0,-1.587312976133029,4.8714542217969825,1.9539925233402755e-16,4.8714542217969825,0
down_amount_ratio_mean_20,train,-2.042810365310288e-16,1.0,-1.6462394734789925,4.381602320897441,2.042810365310288e-16,4.381602320897441,0
bar_in_day,train,-1.2878587085651815e-16,1.0,-1.6924704656789558,1.7040330307732607,1.2878587085651815e-16,1.7040330307732607,0
bar_in_day_pct,train,5.10702591327572e-17,1.0,-1.6924704656789555,1.704033030773261,5.10702591327572e-17,1.704033030773261,0
is_morning,train,3.219646771412954e-17,0.9999999999999999,-1.0050125627355517,0.995012437733208,3.219646771412954e-17,1.0050125627355517,0
is_afternoon,train,1.2212453270876722e-17,1.0,-0.9950124377332081,1.005012562735552,1.2212453270876722e-17,1.005012562735552,0
is_open_30min,train,9.992007221626409e-17,1.0,-0.3790436028940799,2.6382189077055616,9.992007221626409e-17,2.6382189077055616,0
is_close_30min,train,-9.992007221626408e-18,1.0,-0.37580156842440476,2.660978782479876,9.992007221626408e-18,2.660978782479876,0
is_after_lunch_open,train,1.0325074129013956e-16,1.0,-0.3790436028940799,2.6382189077055616,1.0325074129013956e-16,2.6382189077055616,0
gap_days,train,-8.881784197001253e-18,0.9999999999999998,-0.43287306929761815,6.101060052175863,8.881784197001253e-18,6.101060052175863,0
is_normal_day,train,-1.7541523789077474e-16,1.0,-1.8829377433825436,0.5310850045437943,1.7541523789077474e-16,1.8829377433825436,0
is_after_weekend,train,4.662936703425657e-17,1.0,-0.5078007830046403,1.969276207261898,4.662936703425657e-17,1.969276207261898,0
is_after_holiday,train,9.769962616701378e-17,0.9999999999999998,-0.12340351046845904,8.103497187428811,9.769962616701378e-17,8.103497187428811,0
volume_same_bar_ratio,train,8.881784197001253e-17,1.0,-0.8210207719673137,10.84309770166102,8.881784197001253e-17,10.84309770166102,0
amount_same_bar_ratio,train,7.105427357601002e-17,1.0,-0.7932686506904745,10.05850982196484,7.105427357601002e-17,10.05850982196484,0
log_volume_same_bar_ratio,train,3.552713678800501e-17,0.9999999999999998,-2.403053617480615,4.040759081002213,3.552713678800501e-17,4.040759081002213,0
log_amount_same_bar_ratio,train,7.105427357601002e-17,1.0,-2.32969939513746,3.922310744497004,7.105427357601002e-17,3.922310744497004,0
price_zscore_10,train,-2.6645352591003756e-17,1.0,-2.1939360035767685,2.4859473598416777,2.6645352591003756e-17,2.4859473598416777,0
price_zscore_20,train,-8.881784197001253e-18,0.9999999999999999,-2.5987802121627843,3.0870512581391165,8.881784197001253e-18,3.0870512581391165,0
price_zscore_48,train,8.881784197001253e-18,1.0,-2.9373370217266985,3.3948711658869537,8.881784197001253e-18,3.3948711658869537,0
intraday_range_position,train,1.865174681370263e-16,1.0,-1.4750648055824613,1.8775116492348995,1.865174681370263e-16,1.8775116492348995,0
amihud,train,2.1316282072803005e-16,1.0,-1.0338823093668015,6.051709427122305,2.1316282072803005e-16,6.051709427122305,0
amihud_10,train,-7.105427357601002e-17,1.0,-1.4876524599990908,4.56591366169895,7.105427357601002e-17,4.56591366169895,0
amihud_20,train,-1.4210854715202004e-16,0.9999999999999999,-1.599695194854012,3.4893351277589537,1.4210854715202004e-16,3.4893351277589537,0
amihud_48,train,-7.105427357601002e-17,1.0,-1.5726336566307046,2.8134459266006853,7.105427357601002e-17,2.8134459266006853,0
range_per_volume,train,-2.1316282072803005e-16,1.0,-1.490343595714441,5.573115107296597,2.1316282072803005e-16,5.573115107296597,0
range_per_volume_10,train,0.0,1.0,-1.6830834898492535,4.252428995807944,0.0,4.252428995807944,0
range_per_volume_20,train,2.842170943040401e-16,1.0,-1.8232860886360995,3.955478073900765,2.842170943040401e-16,3.955478073900765,0
range_per_volume_48,train,2.486899575160351e-16,1.0,-1.7520934444822505,3.3573889252964237,2.486899575160351e-16,3.3573889252964237,0
ret_1,valid,0.0022960498473691203,0.902981220071357,-5.054675715252411,7.044690864640844,0.0022960498473691203,7.044690864640844,0
log_ret_1,valid,0.00267894449140207,0.9026871359036244,-5.112523096492659,6.956436002598237,0.00267894449140207,6.956436002598237,0
ret_3,valid,0.014482264576688123,0.8173070303476964,-4.882291717126079,4.84339826449792,0.014482264576688123,4.882291717126079,0
log_ret_3,valid,0.015797066991728923,0.8165687408368898,-4.9813725935976505,4.76610379046821,0.015797066991728923,4.9813725935976505,0
ret_5,valid,0.017827630114081047,0.7693553781901675,-4.698625396405942,4.332426890269041,0.017827630114081047,4.698625396405942,0
log_ret_5,valid,0.019933519513230923,0.7686437596414846,-4.814343857830075,4.247757642311587,0.019933519513230923,4.814343857830075,0
ret_10,valid,0.03173741751265119,0.7751727189719264,-3.227783648656631,4.287137643597435,0.03173741751265119,4.287137643597435,0
log_ret_10,valid,0.03471590393727628,0.7722533728725546,-3.2995085359102387,4.162075605609338,0.03471590393727628,4.162075605609338,0
ret_20,valid,0.05808415731447398,0.8032152845148289,-2.7961873992913793,3.4461863929859198,0.05808415731447398,3.4461863929859198,0
log_ret_20,valid,0.061967793574472595,0.8005154550013606,-2.8751883662702964,3.3352952741535193,0.061967793574472595,3.3352952741535193,0
ret_48,valid,0.08087697274568847,0.8168217837449228,-2.1710211538197246,2.215627419944524,0.08087697274568847,2.215627419944524,0
log_ret_48,valid,0.08690706732602838,0.8209945472024921,-2.252523635264006,2.1643922777088416,0.08690706732602838,2.252523635264006,0
ma_dev_5,valid,0.013783498977088143,0.8278894684111866,-5.691233140928238,5.523895478420871,0.013783498977088143,5.691233140928238,0
ma_slope_5,valid,0.01957481844663257,0.7674281696847488,-4.746632315953799,4.212043950984673,0.01957481844663257,4.746632315953799,0
ma_dev_10,valid,0.023957820063635445,0.778791883025521,-4.966710429529468,3.954673296026338,0.023957820063635445,4.966710429529468,0
ma_slope_10,valid,0.034371002189115665,0.7728380056837303,-3.238520834417901,4.152589031598538,0.034371002189115665,4.152589031598538,0
ma_dev_20,valid,0.045518866022148795,0.7871400269666998,-3.8352597824673027,3.6866213381769124,0.045518866022148795,3.8352597824673027,0
ma_slope_20,valid,0.06182522232383793,0.8003936339948086,-2.880319448170399,3.368522234129416,0.06182522232383793,3.368522234129416,0
ma_dev_48,valid,0.07944858676368927,0.809530383114879,-2.845772398681601,3.0072689280317264,0.07944858676368927,3.0072689280317264,0
ma_slope_48,valid,0.08665079882305105,0.8206803757347951,-2.2489982946764164,2.1695554644856916,0.08665079882305105,2.2489982946764164,0
ma_gap_5_20,valid,0.04836045082220181,0.7763219764719724,-3.1172900420884666,3.5389257933705722,0.04836045082220181,3.5389257933705722,0
ma_gap_10_48,valid,0.08525832377362418,0.8093829674294893,-2.54884937767146,2.693414171548302,0.08525832377362418,2.693414171548302,0
mom_3_10,valid,-0.027661015645743584,0.7726797909808746,-4.413399519739796,4.001048217619367,0.027661015645743584,4.413399519739796,0
mom_5_20,valid,-0.057895798079853275,0.7962507225558368,-3.533883018468917,2.782928426827047,0.057895798079853275,3.533883018468917,0
mom_10_48,valid,-0.07537581435762127,0.8157155082995344,-2.5878648166834486,2.4189179359015913,0.07537581435762127,2.5878648166834486,0
ret_recent_3,valid,0.014482264576667849,0.8173070303476998,-4.8822917171260745,4.843398264498052,0.014482264576667849,4.8822917171260745,0
ret_prev_3,valid,0.012646271496316698,0.818377828485613,-4.883753965080427,4.844275291756487,0.012646271496316698,4.883753965080427,0
ret_prev_6,valid,0.024686064689053502,0.7681331951810129,-4.129024322135343,4.417598089996339,0.024686064689053502,4.417598089996339,0
mom_change_3,valid,0.002313165278693387,0.8544311073987475,-4.5002586152053,4.6666166107219205,0.002313165278693387,4.6666166107219205,0
mom_change_6,valid,-0.01104958528485768,0.7857785447614514,-3.350036504619868,4.4159625135834695,0.01104958528485768,4.4159625135834695,0
up_bar,valid,-0.006273377581941139,0.9994370612420932,-0.9171678024798071,1.0903130237413852,0.006273377581941139,1.0903130237413852,0
down_bar,valid,-0.005627226052163938,1.0001424853776484,-1.0285318728677413,0.9722596123461019,0.005627226052163938,1.0285318728677413,0
up_ratio_3,valid,-0.007394766971847706,0.9640677694541141,-1.6209329202290053,1.9285552262578678,0.007394766971847706,1.9285552262578678,0
down_ratio_3,valid,-0.013776433616063849,0.9890131260732514,-1.8382230476353123,1.7362029716677052,0.013776433616063849,1.8382230476353123,0
up_ratio_5,valid,-0.012567768549415994,0.9441870418851719,-2.087392103616617,2.4827055507164246,0.012567768549415994,2.4827055507164246,0
down_ratio_5,valid,-0.014797802192230196,0.982390648179161,-2.3870886006956353,2.255359145886371,0.014797802192230196,2.3870886006956353,0
up_ratio_10,valid,-0.017512626072305287,0.9244066024487096,-2.3514306042731894,2.2636614430166944,0.017512626072305287,2.3514306042731894,0
down_ratio_10,valid,-0.022790085374547516,0.9832887553744635,-2.798116037652758,2.6039782733510584,0.022790085374547516,2.798116037652758,0
up_ratio_20,valid,-0.009839727993113714,0.8464355088731106,-2.3388605625370653,2.6808267614861467,0.009839727993113714,2.6808267614861467,0
down_ratio_20,valid,-0.04438494576072953,0.9293345497954079,-2.514503666357912,2.235724642482823,0.04438494576072953,2.514503666357912,0
body,valid,-0.0008060977697888649,0.86744496164474,-4.197585515923704,5.272682031340405,0.0008060977697888649,5.272682031340405,0
bar_range,valid,-0.1524049101440967,0.8486454516581106,-1.138167638385134,5.164771342382717,0.1524049101440967,5.164771342382717,0
upper_shadow,valid,-0.02012912053130174,0.9804877073973717,-0.7699293831839367,6.144671706228237,0.02012912053130174,6.144671706228237,0
lower_shadow,valid,-0.13487848486225798,0.7959469519464494,-0.733921502898306,5.606293793184552,0.13487848486225798,5.606293793184552,0
close_position,valid,-0.026521588627113492,1.0013456347370797,-1.3317092976567029,1.5459667658623542,0.026521588627113492,1.5459667658623542,0
vol_5,valid,-0.09709572661018738,0.7649646600347504,-1.0013934768843529,4.831378654826291,0.09709572661018738,4.831378654826291,0
range_mean_5,valid,-0.2102408790074818,0.8229567158707649,-1.399148567524152,3.953622372840271,0.2102408790074818,3.953622372840271,0
range_vol_5,valid,-0.10424492299391909,0.8140191432873336,-1.0360052662414654,3.850308601666987,0.10424492299391909,3.850308601666987,0
vol_10,valid,-0.1280493256239641,0.7263359010290428,-1.058590902736746,3.163647895009773,0.1280493256239641,3.163647895009773,0
range_mean_10,valid,-0.24060974235055949,0.8035881602958028,-1.5267869054648497,2.680102575618597,0.24060974235055949,2.680102575618597,0
range_vol_10,valid,-0.12873162503017155,0.7951594257491071,-1.1895482024429862,3.4330477372841264,0.12873162503017155,3.4330477372841264,0
vol_20,valid,-0.15918636615778645,0.6763730542319688,-1.1325894186461334,2.0386915423750684,0.15918636615778645,2.0386915423750684,0
range_mean_20,valid,-0.2764597792566197,0.7735920999103802,-1.6493743733117812,1.9598377445197435,0.2764597792566197,1.9598377445197435,0
range_vol_20,valid,-0.15270025298780493,0.7457315538416092,-1.3922231362367607,2.391026511156475,0.15270025298780493,2.391026511156475,0
vol_48,valid,-0.19203584695973638,0.6143148448878334,-1.196077238919343,1.1808411996700774,0.19203584695973638,1.196077238919343,0
range_mean_48,valid,-0.2778058807265722,0.7518368700548284,-1.4873737181771447,2.08425397256101,0.2778058807265722,2.08425397256101,0
range_vol_48,valid,-0.1720846283086884,0.5686320143899315,-1.2034417434679816,1.185555001819681,0.1720846283086884,1.2034417434679816,0
parkinson_vol_5,valid,-0.19544097590334492,0.8138881077749135,-1.3467653219521305,3.7693780405059147,0.19544097590334492,3.7693780405059147,0
parkinson_vol_10,valid,-0.22108343986055357,0.7967312239655883,-1.4636057659736061,2.614322774777344,0.22108343986055357,2.614322774777344,0
parkinson_vol_20,valid,-0.2548187394920337,0.7607614904452863,-1.6106280203701155,1.729206123851901,0.2548187394920337,1.729206123851901,0
parkinson_vol_48,valid,-0.2689645307325742,0.687755658656291,-1.5343770570545696,1.6525855646723213,0.2689645307325742,1.6525855646723213,0
vol_ratio_5_20,valid,0.013182974314063909,1.0530316243621816,-1.8567788482565475,2.7466848189484443,0.013182974314063909,2.7466848189484443,0
vol_ratio_10_48,valid,-0.01594829392857623,1.0286485367137743,-1.7182261875319,2.8387313461719716,0.01594829392857623,2.8387313461719716,0
mom_z_3_20,valid,0.03479080037279236,0.9376240872716528,-3.724905983910861,3.2692434912723445,0.03479080037279236,3.724905983910861,0
mom_z_5_20,valid,0.04400199543996088,0.8944417406431735,-3.402594399106179,2.9807168527392776,0.04400199543996088,3.402594399106179,0
mom_z_10_48,valid,0.02418435146853466,0.8812831140189137,-3.049482811279558,3.7265439914085516,0.02418435146853466,3.7265439914085516,0
vol_zscore_5_20,valid,0.021886737446773795,1.0046090491251916,-2.2051849824221588,3.5477798518199672,0.021886737446773795,3.5477798518199672,0
vol_zscore_5_48,valid,-0.010850248061819103,0.9690057478685995,-1.8352150107068503,4.933447103126241,0.010850248061819103,4.933447103126241,0
vol_zscore_10_20,valid,0.04160809040469511,0.9827666467690886,-2.1377184985378657,3.211480162913927,0.04160809040469511,3.211480162913927,0
vol_zscore_10_48,valid,-0.013787479901620416,0.9505407963074307,-2.275256242180883,4.662685417556692,0.013787479901620416,4.662685417556692,0
vol_zscore_20_20,valid,-0.00799109572718913,1.0059047177567797,-2.793739486491764,2.958084615295349,0.00799109572718913,2.958084615295349,0
vol_zscore_20_48,valid,-0.04477384374506593,0.9299905055741959,-2.3074141013696643,4.4370214320824966,0.04477384374506593,4.4370214320824966,0
vwap_bar_dev,valid,-0.044246263219382256,0.9142162296822666,-4.777371414962147,3.703465585086683,0.044246263219382256,4.777371414962147,0
vwap_dev_day,valid,-0.04597082094004129,0.7389581641674562,-2.365410673966442,1.996421584795123,0.04597082094004129,2.365410673966442,0
vwap_cum_slope_3,valid,0.03318774902807722,0.7148413587644481,-4.957342169064637,5.899455586790001,0.03318774902807722,5.899455586790001,0
vwap_cum_slope_6,valid,0.039440191481655285,0.6640872658304712,-4.257722905869177,4.12414509959275,0.039440191481655285,4.257722905869177,0
vwap_roll_dev_5,valid,-0.00859005056168864,0.8409706813308021,-4.082881640628809,4.280451144865735,0.00859005056168864,4.280451144865735,0
vwap_roll_slope_5,valid,0.008668917387258253,0.856359650257717,-4.547935844589562,9.703840086997602,0.008668917387258253,9.703840086997602,0
vwap_roll_dev_10,valid,0.01108609923442495,0.819507173161018,-3.3616998673063927,3.4952315782108325,0.01108609923442495,3.4952315782108325,0
vwap_roll_slope_10,valid,0.016454903380391635,0.858766961702755,-5.295251803606175,9.524721422726026,0.016454903380391635,9.524721422726026,0
vwap_roll_dev_20,valid,0.03457941668545981,0.8262024287595554,-3.001844752903003,3.0924691030232796,0.03457941668545981,3.0924691030232796,0
vwap_roll_slope_20,valid,0.032247420595975115,0.8521108616625593,-5.39517501661615,7.691499135847846,0.032247420595975115,7.691499135847846,0
vwap_roll_dev_48,valid,0.09607077254395816,0.8065058539685696,-2.9431118644824545,2.6342111805238804,0.09607077254395816,2.9431118644824545,0
vwap_roll_slope_48,valid,0.05507387177514001,0.8340758721828228,-6.310090566125807,4.956089839089569,0.05507387177514001,6.310090566125807,0
vwap_spread_20_day,valid,-0.11167654668575042,0.7592239584551749,-3.075212274351411,2.1601342741488856,0.11167654668575042,3.075212274351411,0
vwap_spread_48_day,valid,-0.20717339326070516,0.7607620989813684,-2.481533495243068,2.559612742892996,0.20717339326070516,2.559612742892996,0
clv,valid,-0.026521588625839608,1.0013456347373741,-1.3317092976636165,1.5459667658571248,0.026521588625839608,1.5459667658571248,0
clv_mean_5,valid,-0.057124996699262784,0.9492542472095828,-2.6779268013126174,2.5747678551913076,0.057124996699262784,2.6779268013126174,0
clv_sum_5,valid,-0.05712499669926281,0.9492542472095828,-2.6779268013126174,2.5747678551913076,0.05712499669926281,2.6779268013126174,0
clv_mean_10,valid,-0.07723305070663901,0.9363988809723333,-2.3212618481093603,2.1772396882372913,0.07723305070663901,2.3212618481093603,0
clv_sum_10,valid,-0.07723305070663904,0.9363988809723333,-2.3212618481093603,2.1772396882372913,0.07723305070663904,2.3212618481093603,0
clv_mean_20,valid,-0.09247387880010613,0.8232709987012709,-2.3356223239471245,2.400021408281836,0.09247387880010613,2.400021408281836,0
clv_sum_20,valid,-0.0924738788001061,0.8232709987012709,-2.3356223239471245,2.4000214082818356,0.0924738788001061,2.4000214082818356,0
clv_mean_48,valid,-0.1499924577538518,0.6818416182907096,-2.085871770638679,1.7974328797039305,0.1499924577538518,2.085871770638679,0
clv_sum_48,valid,-0.14999245775385195,0.6818416182907097,-2.085871770638679,1.7974328797039307,0.14999245775385195,2.085871770638679,0
clv_volume,valid,-0.021087556069194484,0.9753901342706275,-1.5106629753196523,1.6626715996352865,0.021087556069194484,1.6626715996352865,0
clv_volume_sum_5,valid,-0.04439616378185138,0.922880522849717,-2.447676199810891,2.6288797192366236,0.04439616378185138,2.6288797192366236,0
clv_volume_mean_5,valid,-0.04439616378185141,0.9228805228497168,-2.447676199810891,2.6288797192366227,0.04439616378185141,2.6288797192366227,0
clv_volume_sum_10,valid,-0.05886569991775932,0.9150442504746169,-2.450308608034517,2.266327051182188,0.05886569991775932,2.450308608034517,0
clv_volume_mean_10,valid,-0.058865699917759313,0.9150442504746168,-2.4503086080345167,2.2663270511821874,0.058865699917759313,2.4503086080345167,0
clv_volume_sum_20,valid,-0.06831686542286239,0.8112939341233435,-2.3353034274889377,2.4337391276136606,0.06831686542286239,2.4337391276136606,0
clv_volume_mean_20,valid,-0.06831686542286249,0.8112939341233433,-2.3353034274889377,2.43373912761366,0.06831686542286249,2.43373912761366,0
clv_volume_sum_48,valid,-0.11760855971135592,0.6858574535811215,-2.117533861085346,1.8271386355545438,0.11760855971135592,2.117533861085346,0
clv_volume_mean_48,valid,-0.11760855971135588,0.6858574535811215,-2.1175338610853465,1.8271386355545438,0.11760855971135588,2.1175338610853465,0
adl_roll_norm_10,valid,-0.05778170295907163,1.0332755191671048,-2.63503321675609,2.6457146549104618,0.05778170295907163,2.6457146549104618,0
adl_roll_norm_20,valid,-0.003179767289632509,0.9614179218866384,-2.3845740530559,2.656401179878357,0.003179767289632509,2.656401179878357,0
adl_roll_norm_48,valid,0.037727719903704014,0.8997700229032247,-2.212201324579004,1.9078299485463577,0.037727719903704014,2.212201324579004,0
volume_ratio_5,valid,0.0014513203951763117,1.0134703542858776,-1.6254517159332558,5.541150965613792,0.0014513203951763117,5.541150965613792,0
amount_ratio_5,valid,0.0014486130117019763,1.0128655018428852,-1.6228670574382336,5.612035158878891,0.0014486130117019763,5.612035158878891,0
log_volume_ratio_5,valid,-0.009828140844639937,1.034354556247336,-2.750295138020609,3.2346753697606783,0.009828140844639937,3.2346753697606783,0
log_amount_ratio_5,valid,-0.009711203785715187,1.0341662267251932,-2.7478146145427504,3.2588306974662675,0.009711203785715187,3.2588306974662675,0
volume_ratio_10,valid,0.0038676777359460323,1.0224451971229465,-1.334572821729405,7.082602753598142,0.0038676777359460323,7.082602753598142,0
amount_ratio_10,valid,0.003815186622681408,1.020571096935252,-1.3309162001296162,7.182775514850697,0.003815186622681408,7.182775514850697,0
log_volume_ratio_10,valid,-0.013857208026762555,1.0316960455373032,-2.7391546673408844,3.4210823031393898,0.013857208026762555,3.4210823031393898,0
log_amount_ratio_10,valid,-0.01358682618732433,1.0313916508775574,-2.741095698212397,3.446488746938515,0.01358682618732433,3.446488746938515,0
volume_ratio_20,valid,-0.0011455436959195652,0.9939102259011071,-1.1059362897466698,7.834635908031975,0.0011455436959195652,7.834635908031975,0
amount_ratio_20,valid,-0.0009649263261719198,0.9918994408382,-1.0990738464995649,7.939577560471083,0.0009649263261719198,7.939577560471083,0
log_volume_ratio_20,valid,-0.007835252921447496,1.0057530329166615,-2.610681105300081,3.3318107797123435,0.007835252921447496,3.3318107797123435,0
log_amount_ratio_20,valid,-0.007248150775076973,1.0054890753050834,-2.6034029384653596,3.3554387535208514,0.007248150775076973,3.3554387535208514,0
volume_ratio_48,valid,-0.020698496989535284,0.9718764105331085,-0.9916955506552494,6.437036505247015,0.020698496989535284,6.437036505247015,0
amount_ratio_48,valid,-0.02033111149134546,0.9637128705945203,-0.9805128703477257,6.5327123205349675,0.02033111149134546,6.5327123205349675,0
log_volume_ratio_48,valid,-0.030291089763797435,1.0034611424824393,-2.5037677112536727,3.1778685260520207,0.030291089763797435,3.1778685260520207,0
log_amount_ratio_48,valid,-0.027897741333427595,1.002019765691889,-2.4903294937650404,3.2069541417420337,0.027897741333427595,3.2069541417420337,0
volume_change,valid,0.010771959801075504,1.042795626749003,-1.2466321606927093,9.858831332517065,0.010771959801075504,9.858831332517065,0
amount_change,valid,0.010802363826124366,1.0437902031704678,-1.2404092074204303,10.17098675643883,0.010802363826124366,10.17098675643883,0
ret_volume,valid,0.0032709249613415876,0.8816043095557464,-5.321021724405134,7.683016214644496,0.0032709249613415876,7.683016214644496,0
ret_amount,valid,0.0034161219109123996,0.8843635493830253,-5.249433861159603,7.572766964565273,0.0034161219109123996,7.572766964565273,0
ret_volume_sum_5,valid,0.01900052724220254,0.7370110502539753,-4.733228406209974,4.330025975545633,0.01900052724220254,4.733228406209974,0
ret_amount_sum_5,valid,0.018940598324635485,0.7432771060968866,-4.741840591566036,4.326003191748616,0.018940598324635485,4.741840591566036,0
ret_volume_sum_10,valid,0.03338335139990517,0.7425346155454723,-3.2513586252630335,4.199653138028285,0.03338335139990517,4.199653138028285,0
ret_amount_sum_10,valid,0.03342614178598083,0.7491636710465206,-3.258679173426412,4.208005451706295,0.03342614178598083,4.208005451706295,0
ret_volume_sum_20,valid,0.05848776363494263,0.7694997458036261,-2.769304509336434,3.2714119760373155,0.05848776363494263,3.2714119760373155,0
ret_amount_sum_20,valid,0.05886128832431355,0.7764054944171086,-2.7881279879827305,3.2951908765995483,0.05886128832431355,3.2951908765995483,0
signed_volume,valid,0.0030158272767606188,0.9676574359900526,-1.0988710563649444,1.2316960782984052,0.0030158272767606188,1.2316960782984052,0
signed_amount,valid,0.0022754275114659495,0.9732687901522197,-1.06562537153305,1.1959412039603097,0.0022754275114659495,1.1959412039603097,0
signed_volume_sum_5,valid,0.008687959387239381,0.9251050848147145,-2.3601366027865818,2.7055344147030467,0.008687959387239381,2.7055344147030467,0
signed_amount_sum_5,valid,0.006957263549229795,0.9316262329668827,-2.3261462949771303,2.658336729421464,0.006957263549229795,2.658336729421464,0
signed_volume_mean_5,valid,0.008687959387239381,0.9251050848147145,-2.3601366027865818,2.7055344147030467,0.008687959387239381,2.7055344147030467,0
signed_amount_mean_5,valid,0.0069572635492297814,0.9316262329668829,-2.3261462949771308,2.6583367294214644,0.0069572635492297814,2.6583367294214644,0
signed_volume_sum_10,valid,0.01403798121039199,0.9095943023656603,-2.2633350589874435,2.786747006904236,0.01403798121039199,2.786747006904236,0
signed_amount_sum_10,valid,0.011532429791984078,0.9176810617415085,-2.3189791364166785,2.745429540465173,0.011532429791984078,2.745429540465173,0
signed_volume_mean_10,valid,0.014037981210392044,0.9095943023656604,-2.263335058987444,2.786747006904236,0.014037981210392044,2.786747006904236,0
signed_amount_mean_10,valid,0.011532429791984074,0.9176810617415085,-2.3189791364166785,2.7454295404651736,0.011532429791984074,2.7454295404651736,0
signed_volume_sum_20,valid,0.032646832361903216,0.8485206571600031,-2.3498812927034782,2.554444814821267,0.032646832361903216,2.554444814821267,0
signed_amount_sum_20,valid,0.029207615337591815,0.8551647863403046,-2.346395217208289,2.569445360008636,0.029207615337591815,2.569445360008636,0
signed_volume_mean_20,valid,0.032646832361903175,0.848520657160003,-2.349881292703478,2.554444814821267,0.032646832361903175,2.554444814821267,0
signed_amount_mean_20,valid,0.029207615337591846,0.8551647863403046,-2.346395217208289,2.569445360008636,0.029207615337591846,2.569445360008636,0
signed_volume_sum_48,valid,0.058897451093364576,0.7739363964742358,-2.0708676281339806,2.415682691531684,0.058897451093364576,2.415682691531684,0
signed_amount_sum_48,valid,0.054378199437396024,0.7780001574454798,-2.065103498533831,2.417314021787723,0.054378199437396024,2.417314021787723,0
signed_volume_mean_48,valid,0.058897451093364556,0.773936396474236,-2.0708676281339806,2.4156826915316842,0.058897451093364556,2.4156826915316842,0
signed_amount_mean_48,valid,0.05437819943739606,0.7780001574454798,-2.0651034985338304,2.417314021787723,0.05437819943739606,2.417314021787723,0
up_volume_ratio,valid,0.01602337788224666,1.0222231735561158,-0.6122910023511062,8.636501950613727,0.01602337788224666,8.636501950613727,0
down_volume_ratio,valid,-0.016937736796590514,1.0036920872990995,-0.7335936398086845,5.87009977625198,0.016937736796590514,5.87009977625198,0
up_amount_ratio,valid,0.015546713736977939,1.0205132349848998,-0.608573151375297,8.705309174923844,0.015546713736977939,8.705309174923844,0
down_amount_ratio,valid,-0.01636562993309281,1.003872657956482,-0.7348587627349069,5.910451969392937,0.01636562993309281,5.910451969392937,0
up_volume_ratio_mean_5,valid,0.02625360102211406,0.9657808220841195,-1.01240987188474,6.862383681747294,0.02625360102211406,6.862383681747294,0
down_volume_ratio_mean_5,valid,-0.03943199223397217,0.8926879024083005,-1.2353077257834633,4.5627763537011745,0.03943199223397217,4.5627763537011745,0
up_amount_ratio_mean_5,valid,0.025379937219218676,0.962816949640666,-1.002422677227802,6.870070755191652,0.025379937219218676,6.870070755191652,0
down_amount_ratio_mean_5,valid,-0.03825930570545451,0.8948654456200499,-1.2438165772871592,4.503074428465675,0.03825930570545451,4.503074428465675,0
up_volume_ratio_mean_10,valid,0.037713864004166674,0.9797414050510254,-1.2287229854512454,5.553967018025875,0.037713864004166674,5.553967018025875,0
down_volume_ratio_mean_10,valid,-0.050977281118542966,0.8593171172106228,-1.392710682687157,3.450188864543923,0.050977281118542966,3.450188864543923,0
up_amount_ratio_mean_10,valid,0.036624881871753626,0.9765338141565416,-1.2165071365067537,5.550743024674082,0.036624881871753626,5.550743024674082,0
down_amount_ratio_mean_10,valid,-0.04945906376383741,0.860598251913305,-1.4030493633254404,3.4570582084727226,0.04945906376383741,3.4570582084727226,0
up_volume_ratio_mean_20,valid,0.05205741589834812,0.9621342432330023,-1.4883764606851893,4.560829023328174,0.05205741589834812,4.560829023328174,0
down_volume_ratio_mean_20,valid,-0.08965633520199386,0.8580122764822026,-1.4629756995504286,3.9752419764027023,0.08965633520199386,3.9752419764027023,0
up_amount_ratio_mean_20,valid,0.05077880980567988,0.9593218353833086,-1.468665483800121,4.579194157105505,0.05077880980567988,4.579194157105505,0
down_amount_ratio_mean_20,valid,-0.08780595448811529,0.8576771058223877,-1.4707270436732098,3.959606291601012,0.08780595448811529,3.959606291601012,0
bar_in_day,valid,0.005781282547152577,1.0099937425360108,-1.6924704656789558,1.7040330307732607,0.005781282547152577,1.7040330307732607,0
bar_in_day_pct,valid,0.005781282547152755,1.0099937425360108,-1.6924704656789555,1.704033030773261,0.005781282547152755,1.704033030773261,0
is_morning,valid,-0.005000062501171847,1.0000125002343798,-1.0050125627355517,0.995012437733208,0.005000062501171847,1.0050125627355517,0
is_afternoon,valid,0.005000062501171905,1.00001250023438,-0.9950124377332081,1.005012562735552,0.005000062501171905,1.005012562735552,0
is_open_30min,valid,0.005657367207374437,1.0063543006721996,-0.3790436028940799,2.6382189077055616,0.005657367207374437,2.6382189077055616,0
is_close_30min,valid,0.011387926315891035,1.0128641295191776,-0.37580156842440476,2.660978782479876,0.011387926315891035,2.660978782479876,0
is_after_lunch_open,valid,-0.016972101622122898,0.9804942605191921,-0.3790436028940799,2.6382189077055616,0.016972101622122898,2.6382189077055616,0
gap_days,valid,-0.10617641322394408,0.6533933121473481,-0.43287306929761815,1.2006102110707522,0.10617641322394408,1.2006102110707522,0
is_normal_day,valid,0.048280454958526564,0.9656090991705352,-1.8829377433825436,0.5310850045437943,0.048280454958526564,1.8829377433825436,0
is_after_weekend,valid,-0.012385384951332633,0.9908307961066151,-0.5078007830046403,1.969276207261898,0.012385384951332633,1.969276207261898,0
is_after_holiday,valid,-0.123403510468459,4.163336342344337e-17,-0.12340351046845904,-0.12340351046845904,0.123403510468459,0.12340351046845904,0
volume_same_bar_ratio,valid,-0.04001899098556898,0.7152531524049425,-0.8210207719673137,4.639729570006764,0.04001899098556898,4.639729570006764,0
amount_same_bar_ratio,valid,0.04711951011168969,0.7945028958502691,-0.7932686506904745,5.330477803869833,0.04711951011168969,5.330477803869833,0
log_volume_same_bar_ratio,valid,0.018004454806479407,0.9374570789859156,-2.403053617480615,2.964057595424171,0.018004454806479407,2.964057595424171,0
log_amount_same_bar_ratio,valid,0.1383564870179337,0.9598000077549651,-2.32969939513746,3.1245778861747318,0.1383564870179337,3.1245778861747318,0
price_zscore_10,valid,0.021224766252281008,0.9794830372167278,-2.1922614755614025,2.4859473598416777,0.021224766252281008,2.4859473598416777,0
price_zscore_20,valid,0.022844106054499613,0.9654390082087376,-2.5987802121627843,3.080855034052081,0.022844106054499613,3.080855034052081,0
price_zscore_48,valid,0.049498861045876766,0.9712424069163286,-2.852463588269155,3.363682495692328,0.049498861045876766,3.363682495692328,0
intraday_range_position,valid,0.07919167327483956,0.9561708399951121,-1.4750648055824613,1.8775116492348558,0.07919167327483956,1.8775116492348558,0
amihud,valid,0.26186039299354,1.0965587999643285,-1.0338823093668015,5.868329065774053,0.26186039299354,5.868329065774053,0
amihud_10,valid,0.4686919906457112,0.8315883785145866,-1.1905419862424529,3.1640311605397016,0.4686919906457112,3.1640311605397016,0
amihud_20,valid,0.5555691386051078,0.7733837965165994,-1.1941200567149368,2.9991678379827253,0.5555691386051078,2.9991678379827253,0
amihud_48,valid,0.6737038681495341,0.5908838627254679,-0.9532512262495008,1.905260710024391,0.6737038681495341,1.905260710024391,0
range_per_volume,valid,0.45976110182219904,1.158990524109435,-1.4387386824288775,5.573115107296597,0.45976110182219904,5.573115107296597,0
range_per_volume_10,valid,0.6571153260231225,0.9311443117464265,-1.4781193355490303,3.2291960131762787,0.6571153260231225,3.2291960131762787,0
range_per_volume_20,valid,0.7668337320546667,0.8626335098859483,-1.115035439674022,2.9278301366105124,0.7668337320546667,2.9278301366105124,0
range_per_volume_48,valid,0.9510910903189016,0.6739367605000458,-0.9921404644685105,2.3049180016638657,0.9510910903189016,2.3049180016638657,0
ret_1,test,-0.00014340038269935657,0.770774775231321,-6.772270941720134,7.044690864640844,0.00014340038269935657,7.044690864640844,0
log_ret_1,test,0.0006837645555070588,0.7715902125450191,-6.876648606824533,6.956436002598237,0.0006837645555070588,6.956436002598237,0
ret_3,test,-0.004785346637510333,0.8688874273028234,-7.3598105482783325,6.525821111035846,0.004785346637510333,7.3598105482783325,0
log_ret_3,test,-0.0038624209671133626,0.8728509636605266,-7.587678360182952,6.380022353288277,0.0038624209671133626,7.587678360182952,0
ret_5,test,-0.01271704748893734,0.9049643016705985,-6.738538526058219,5.182089121181246,0.01271704748893734,6.738538526058219,0
log_ret_5,test,-0.01184573606126541,0.9120201308300403,-6.983106021314252,5.058638386695944,0.01184573606126541,6.983106021314252,0
ret_10,test,-0.020267444827180264,0.9060230043419003,-6.007079344450061,3.5697149557672554,0.020267444827180264,6.007079344450061,0
log_ret_10,test,-0.019017356400302655,0.9155926337471474,-6.283613521329772,3.4844941246364995,0.019017356400302655,6.283613521329772,0
ret_20,test,-0.027397423072897383,0.8502560754057398,-4.279509027643841,2.2695512050971636,0.027397423072897383,4.279509027643841,0
log_ret_20,test,-0.024544610894072658,0.8614477524498176,-4.48307442210706,2.2270577214879688,0.024544610894072658,4.48307442210706,0
ret_48,test,-0.07966118619356302,0.7559042238306581,-3.1771247514156564,1.6800466957374875,0.07966118619356302,3.1771247514156564,0
log_ret_48,test,-0.07312761718356428,0.7712596389787147,-3.3676018691320024,1.6597005036279804,0.07312761718356428,3.3676018691320024,0
ma_dev_5,test,-0.005047064858382802,0.8311426890766799,-6.078844581482159,7.141312537907284,0.005047064858382802,7.141312537907284,0
ma_slope_5,test,-0.01277879790458199,0.9155899602281524,-7.024536064546441,5.1728287649421,0.01277879790458199,7.024536064546441,0
ma_dev_10,test,-0.01074006278828592,0.8635965802902357,-5.887157333305421,6.02211147601424,0.01074006278828592,6.02211147601424,0
ma_slope_10,test,-0.019205550365276713,0.9145971343653208,-6.004805015757679,3.516269533952588,0.019205550365276713,6.004805015757679,0
ma_dev_20,test,-0.020459028801356628,0.8683530595720357,-5.525914811007006,3.822379933427365,0.020459028801356628,5.525914811007006,0
ma_slope_20,test,-0.024560382565962092,0.8603187649494461,-4.282500167849435,2.2061522591757763,0.024560382565962092,4.282500167849435,0
ma_dev_48,test,-0.04826792091820022,0.7936338282289467,-4.0824906808888475,2.4891425165798395,0.04826792091820022,4.0824906808888475,0
ma_slope_48,test,-0.07316445927411971,0.7692365230800767,-3.3557394571878616,1.6775328866513186,0.07316445927411971,3.3557394571878616,0
ma_gap_5_20,test,-0.02170912015050448,0.8737853964385386,-5.813809498350548,3.737070055308771,0.02170912015050448,5.813809498350548,0
ma_gap_10_48,test,-0.0511112941495293,0.787328698493159,-3.8938832343283876,2.3837440764213964,0.0511112941495293,3.8938832343283876,0
mom_3_10,test,0.01544750031700963,0.915362577257393,-4.428193522119038,6.39394600120219,0.01544750031700963,6.39394600120219,0
mom_5_20,test,0.02330894868389918,0.8729590252855631,-2.7835628508813093,5.040352209068458,0.02330894868389918,5.040352209068458,0
mom_10_48,test,0.07878220476650848,0.7642692500400972,-2.0030963193891687,3.082737465023069,0.07878220476650848,3.082737465023069,0
ret_recent_3,test,-0.0047853466376555605,0.8688874273028337,-7.359810548278776,6.5258211110361675,0.0047853466376555605,7.359810548278776,0
ret_prev_3,test,-0.0033551372135295,0.8696015534773396,-7.361868702374685,6.527102803677703,0.0033551372135295,7.361868702374685,0
ret_prev_6,test,-0.012605131955180008,0.9194191654713081,-6.509472822117381,4.694882934207779,0.012605131955180008,6.509472822117381,0
mom_change_3,test,-0.008912704736034019,0.905727937039308,-7.094434672168848,5.665152828606252,0.008912704736034019,7.094434672168848,0
mom_change_6,test,-0.0030159503625175554,0.9160422005943066,-5.859026661250517,4.871447649817938,0.0030159503625175554,5.859026661250517,0
up_bar,test,-0.003764026549164652,0.9996669990023918,-0.9171678024798071,1.0903130237413852,0.003764026549164652,1.0903130237413852,0
down_bar,test,-0.04314206639992349,1.0002831917545367,-1.0285318728677413,0.9722596123461019,0.04314206639992349,1.0285318728677413,0
up_ratio_3,test,-0.004436860183108635,0.9699848628421618,-1.6209329202290053,1.9285552262578678,0.004436860183108635,1.9285552262578678,0
down_ratio_3,test,-0.07930757730328583,0.93963218540652,-1.8382230476353123,1.7362029716677052,0.07930757730328583,1.8382230476353123,0
up_ratio_5,test,-0.002285048827166669,0.9562970292300037,-2.087392103616617,2.4827055507164246,0.002285048827166669,2.4827055507164246,0
down_ratio_5,test,-0.10648614518722478,0.9368482270202049,-2.3870886006956353,2.255359145886371,0.10648614518722478,2.3870886006956353,0
up_ratio_10,test,-0.0010301544748414315,0.9464498700464158,-2.3514306042731894,2.922960306915249,0.0010301544748414315,2.922960306915249,0
down_ratio_10,test,-0.15699836591354857,0.9401364690924434,-2.798116037652758,2.6039782733510584,0.15699836591354857,2.798116037652758,0
up_ratio_20,test,0.0004278142605701518,0.9078445752577283,-2.7951957738119027,2.2244915502113085,0.0004278142605701518,2.7951957738119027,0
down_ratio_20,test,-0.21717450049481132,0.9195018713513008,-2.9895264972419855,2.235724642482823,0.21717450049481132,2.9895264972419855,0
body,test,0.0126106639152058,0.7645961627798995,-4.197585515923704,4.402275944395774,0.0126106639152058,4.402275944395774,0
bar_range,test,-0.344134435847549,0.7740699706929799,-1.138167638385134,7.670748727112153,0.344134435847549,7.670748727112153,0
upper_shadow,test,-0.221673323704753,0.705046300862942,-0.7699293831839367,4.416469037481416,0.221673323704753,4.416469037481416,0
lower_shadow,test,-0.18522171531882065,0.754447019968449,-0.733921502898306,8.092653421406162,0.18522171531882065,8.092653421406162,0
close_position,test,0.055594732037380405,0.985251306835633,-1.3317092976567029,1.545966765863867,0.055594732037380405,1.545966765863867,0
vol_5,test,-0.2305905720478999,1.1382911847911135,-1.0013934768843529,10.850136151715674,0.2305905720478999,10.850136151715674,0
range_mean_5,test,-0.46661661631130164,0.8211842588737343,-1.428891143495867,5.725925403870274,0.46661661631130164,5.725925403870274,0
range_vol_5,test,-0.2608162218697723,0.8802165065008537,-1.0360052662414654,6.908185709370203,0.2608162218697723,6.908185709370203,0
vol_10,test,-0.24497184134618868,1.17625387480189,-1.058590902736746,8.062377981025504,0.24497184134618868,8.062377981025504,0
range_mean_10,test,-0.5300634971437564,0.8150895167721642,-1.55007832799832,5.244555768215425,0.5300634971437564,5.244555768215425,0
range_vol_10,test,-0.28497563128216824,0.9145400725828837,-1.1894688608228872,5.453508703953455,0.28497563128216824,5.453508703953455,0
vol_20,test,-0.24347148886707598,1.2344049440126714,-1.1325894186461334,6.1207830497738005,0.24347148886707598,6.1207830497738005,0
range_mean_20,test,-0.6210492024509215,0.7382696683075385,-1.6493743733117812,3.029611105371498,0.6210492024509215,3.029611105371498,0
range_vol_20,test,-0.3177178475980028,0.9214773605416259,-1.3922231362367607,4.010314940850627,0.3177178475980028,4.010314940850627,0
vol_48,test,-0.2729471679908362,1.3050969831061858,-1.203204586183594,4.153472027825678,0.2729471679908362,4.153472027825678,0
range_mean_48,test,-0.7764904519567282,0.6060728027665377,-1.4873737181771447,1.4539267434904435,0.7764904519567282,1.4873737181771447,0
range_vol_48,test,-0.389415159734466,1.010899366448562,-1.4602395641447263,3.1503325122997166,0.389415159734466,3.1503325122997166,0
parkinson_vol_5,test,-0.43727717111289377,0.8188154200848532,-1.3505768575410253,5.453885219529463,0.43727717111289377,5.453885219529463,0
parkinson_vol_10,test,-0.47374108836323936,0.8904464737815839,-1.4820250451952768,5.071809416274258,0.47374108836323936,5.071809416274258,0
parkinson_vol_20,test,-0.5204851383834124,0.9553592782794561,-1.6106280203701155,4.2900090751107625,0.5204851383834124,4.2900090751107625,0
parkinson_vol_48,test,-0.623984709287429,1.004844067745947,-1.605887820693357,3.1715998534115344,0.623984709287429,3.1715998534115344,0
vol_ratio_5_20,test,-0.02792464588516734,1.109544515648806,-2.033161816591452,2.7466848189484443,0.02792464588516734,2.7466848189484443,0
vol_ratio_10_48,test,-0.017801696416768972,1.1483186269540386,-1.9460808622495613,3.0404889455027115,0.017801696416768972,3.0404889455027115,0
mom_z_3_20,test,-0.01276410777354684,1.0014709273862363,-3.26806817930542,3.801191678056634,0.01276410777354684,3.801191678056634,0
mom_z_5_20,test,-0.00640120713712836,1.0156993379790447,-3.0012003215887657,3.3887403771813664,0.00640120713712836,3.3887403771813664,0
mom_z_10_48,test,-0.030737416544147845,0.9320418032465014,-3.3228351232400017,2.8970426590021696,0.030737416544147845,3.3228351232400017,0
vol_zscore_5_20,test,0.009063403715293725,1.0499228002368162,-2.0599352172435266,3.5477798518199672,0.009063403715293725,3.5477798518199672,0
vol_zscore_5_48,test,0.04446000422373313,1.0284300003228393,-1.6097961325370524,5.538403494992286,0.04446000422373313,5.538403494992286,0
vol_zscore_10_20,test,-0.001575314410665416,1.0398039784049138,-2.335099455795789,3.211480162913927,0.001575314410665416,3.211480162913927,0
vol_zscore_10_48,test,0.09315277600925455,1.0108781628346981,-1.8448571446991229,5.155836130619034,0.09315277600925455,5.155836130619034,0
vol_zscore_20_20,test,0.023076830143002488,1.0139673195689551,-2.793739486491764,2.958084615295349,0.023076830143002488,2.958084615295349,0
vol_zscore_20_48,test,0.15092856946644498,0.9383743135337503,-1.6551928685123358,4.4370214320824966,0.15092856946644498,4.4370214320824966,0
vwap_bar_dev,test,-0.0005466578251805698,0.7453727884602496,-4.299562788650388,3.701897572659581,0.0005466578251805698,4.299562788650388,0
vwap_dev_day,test,0.08553853640303778,0.7392985996923171,-1.8280998328573694,3.472021231666312,0.08553853640303778,3.472021231666312,0
vwap_cum_slope_3,test,-0.002133822252908315,0.8970528144943997,-9.887673389500744,7.873607181504838,0.002133822252908315,9.887673389500744,0
vwap_cum_slope_6,test,-0.025735325682112672,0.9613644906724621,-8.758142687244884,4.792890613235879,0.025735325682112672,8.758142687244884,0
vwap_roll_dev_5,test,0.01234859013171825,0.7335581460913276,-4.082881640628809,3.5499709600329963,0.01234859013171825,4.082881640628809,0
vwap_roll_slope_5,test,-0.003659008135584186,0.7970412038548738,-6.195913197042561,9.740331681733572,0.003659008135584186,9.740331681733572,0
vwap_roll_dev_10,test,0.027251976389675664,0.7374875737654832,-3.3616998673063927,3.8350788392035864,0.027251976389675664,3.8350788392035864,0
vwap_roll_slope_10,test,0.0003373388442165637,0.8156370309833713,-5.966469313713695,9.823507963311924,0.0003373388442165637,9.823507963311924,0
vwap_roll_dev_20,test,0.052451602681499995,0.7265118040755293,-3.001844752903003,3.0595068862283332,0.052451602681499995,3.0595068862283332,0
vwap_roll_slope_20,test,-0.0015643512031733508,0.7973615640735527,-5.473401497582029,9.638888853593091,0.0015643512031733508,9.638888853593091,0
vwap_roll_dev_48,test,0.04947187013946661,0.6891867185189808,-3.044240839783202,2.6930852543914994,0.04947187013946661,3.044240839783202,0
vwap_roll_slope_48,test,-0.030819652362228594,0.8186097775081104,-6.310090566125807,6.301231403365589,0.030819652362228594,6.310090566125807,0
vwap_spread_20_day,test,0.059386496333592456,0.7900923964463463,-3.3261220357089063,4.910348929181623,0.059386496333592456,4.910348929181623,0
vwap_spread_48_day,test,0.007510494400189138,0.8349139268839901,-3.7817512769338437,4.431142894414531,0.007510494400189138,4.431142894414531,0
clv,test,0.05559473204129585,0.985251306835673,-1.33170929766352,1.5459667658578813,0.05559473204129585,1.5459667658578813,0
clv_mean_5,test,0.1340831273626445,0.9369618404905529,-2.6168280586557917,2.9792733588085567,0.1340831273626445,2.9792733588085567,0
clv_sum_5,test,0.1340831273626445,0.9369618404905529,-2.6168280586557917,2.9792733588085563,0.1340831273626445,2.9792733588085563,0
clv_mean_10,test,0.18824979706317882,0.944372284503424,-3.000219675308175,3.228061544769778,0.18824979706317882,3.228061544769778,0
clv_sum_10,test,0.1882497970631788,0.9443722845034241,-3.0002196753081756,3.228061544769778,0.1882497970631788,3.228061544769778,0
clv_mean_20,test,0.2527792926273986,0.9237733497851608,-2.5428400846794523,2.2948730662220096,0.2527792926273986,2.5428400846794523,0
clv_sum_20,test,0.2527792926273986,0.9237733497851607,-2.5428400846794523,2.294873066222009,0.2527792926273986,2.5428400846794523,0
clv_mean_48,test,0.3181448975358475,0.9607958866253196,-2.385730717305375,2.292366307268159,0.3181448975358475,2.385730717305375,0
clv_sum_48,test,0.31814489753584746,0.9607958866253197,-2.3857307173053752,2.2923663072681593,0.31814489753584746,2.3857307173053752,0
clv_volume,test,0.053796930813586795,0.9549269876073945,-1.4999650384642054,1.6710880379222472,0.053796930813586795,1.6710880379222472,0
clv_volume_sum_5,test,0.1289214018272334,0.902078920766012,-2.4980110070626145,3.0080440474005723,0.1289214018272334,3.0080440474005723,0
clv_volume_mean_5,test,0.12892140182723338,0.9020789207660119,-2.4980110070626145,3.008044047400572,0.12892140182723338,3.008044047400572,0
clv_volume_sum_10,test,0.18178120973713477,0.9062804293177047,-2.7868930481437952,3.273622694036378,0.18178120973713477,3.273622694036378,0
clv_volume_mean_10,test,0.18178120973713477,0.9062804293177046,-2.786893048143795,3.273622694036378,0.18178120973713477,3.273622694036378,0
clv_volume_sum_20,test,0.24433151138269044,0.8850529276853415,-2.324068258267048,2.2582448881410313,0.24433151138269044,2.324068258267048,0
clv_volume_mean_20,test,0.24433151138269035,0.8850529276853415,-2.324068258267048,2.258244888141031,0.24433151138269035,2.324068258267048,0
clv_volume_sum_48,test,0.3092883812505023,0.912799023467496,-2.214481492944543,2.2347402774219036,0.3092883812505023,2.2347402774219036,0
clv_volume_mean_48,test,0.30928838125050234,0.912799023467496,-2.214481492944543,2.234740277421903,0.30928838125050234,2.234740277421903,0
adl_roll_norm_10,test,0.0798259865568586,0.939433990402921,-2.849473790076075,3.3318202305719424,0.0798259865568586,3.3318202305719424,0
adl_roll_norm_20,test,0.06681241799615195,0.8849324684847527,-2.437001191721145,2.535515662973076,0.06681241799615195,2.535515662973076,0
adl_roll_norm_48,test,-0.04016487959992292,0.8292310923139987,-2.117544964116251,1.9902342614346824,0.04016487959992292,2.117544964116251,0
volume_ratio_5,test,0.002331888549795461,1.0282706645268436,-1.6254517159332558,6.025275326241801,0.002331888549795461,6.025275326241801,0
amount_ratio_5,test,0.0023388154506888896,1.0278153786394817,-1.6228670574382336,6.083403297353241,0.0023388154506888896,6.083403297353241,0
log_volume_ratio_5,test,-0.006137615161058843,1.0238688422626243,-2.750295138020609,3.3834884151631295,0.006137615161058843,3.3834884151631295,0
log_amount_ratio_5,test,-0.00596443025423873,1.0234588066691692,-2.7478146145427504,3.402599410830804,0.00596443025423873,3.402599410830804,0
volume_ratio_10,test,-0.00010410670244391018,1.0307695336890463,-1.3447428421343608,8.085203068442645,0.00010410670244391018,8.085203068442645,0
amount_ratio_10,test,-0.00012624766428901424,1.0299492866609443,-1.3425948096283156,8.183511282444666,0.00012624766428901424,8.183511282444666,0
log_volume_ratio_10,test,-0.005516326588202372,1.0062344751331185,-2.795877809496495,3.6274905093983794,0.005516326588202372,3.6274905093983794,0
log_amount_ratio_10,test,-0.0051788657223042125,1.0056594426210634,-2.8067721340309326,3.650323136214001,0.0051788657223042125,3.650323136214001,0
volume_ratio_20,test,-0.005888310563268092,1.0432233547466285,-1.1210085258137612,9.219225823197672,0.005888310563268092,9.219225823197672,0
amount_ratio_20,test,-0.0060849860339209135,1.038901000620478,-1.1133613989808582,9.327852600730942,0.0060849860339209135,9.327852600730942,0
log_volume_ratio_20,test,-0.0005965575273308144,0.9711191617687224,-2.7378131879444068,3.546785655796653,0.0005965575273308144,3.546785655796653,0
log_amount_ratio_20,test,0.0001847379558451512,0.9702547035260486,-2.723926797573479,3.5686374828840375,0.0001847379558451512,3.5686374828840375,0
volume_ratio_48,test,0.02472020393327579,1.104035522759662,-0.93574772810029,9.043292866997609,0.02472020393327579,9.043292866997609,0
amount_ratio_48,test,0.023077579538285296,1.092222679718934,-0.9246983582693712,9.238192835650706,0.023077579538285296,9.238192835650706,0
log_volume_ratio_48,test,0.026997101162801282,0.9738939707205101,-2.080219655676588,3.619477853759278,0.026997101162801282,3.619477853759278,0
log_amount_ratio_48,test,0.028220749024880823,0.9714318003025402,-2.066007805751265,3.657801725465767,0.028220749024880823,3.657801725465767,0
volume_change,test,0.028796286197455775,1.149671416445275,-1.2119146743309126,11.36887089535904,0.028796286197455775,11.36887089535904,0
amount_change,test,0.028627930637415824,1.1490049479207982,-1.2047931176084477,11.480195643459556,0.028627930637415824,11.480195643459556,0
ret_volume,test,-0.0012573601439959175,0.7577310966566055,-7.52570100522355,7.683016214644496,0.0012573601439959175,7.683016214644496,0
ret_amount,test,-0.0008010451624660903,0.7572958045726742,-7.432359722363771,7.572766964565273,0.0008010451624660903,7.572766964565273,0
ret_volume_sum_5,test,-0.0186000102511867,0.9210254947477473,-7.62009483359867,5.422160594068736,0.0186000102511867,7.62009483359867,0
ret_amount_sum_5,test,-0.01695924730254505,0.910702596523848,-7.383533175958375,5.349416916662078,0.01695924730254505,7.383533175958375,0
ret_volume_sum_10,test,-0.02669022227736613,0.9183025924314269,-6.575916029835119,3.706654611897659,0.02669022227736613,6.575916029835119,0
ret_amount_sum_10,test,-0.024396958323649055,0.9083173837020992,-6.403174270688147,3.664938775003067,0.024396958323649055,6.403174270688147,0
ret_volume_sum_20,test,-0.03512252335393649,0.8639012483179728,-4.648203138203356,2.3786539805661278,0.03512252335393649,4.648203138203356,0
ret_amount_sum_20,test,-0.03198881754071886,0.8540420201470232,-4.536688842926919,2.3494902797916444,0.03198881754071886,4.536688842926919,0
signed_volume,test,0.02001020944891512,0.9591762908726568,-1.142555203478938,1.2606393252835504,0.02001020944891512,1.2606393252835504,0
signed_amount,test,0.020145341293032394,0.9617274742982107,-1.116353046308089,1.2143559129676025,0.020145341293032394,1.2143559129676025,0
signed_volume_sum_5,test,0.05169877974245324,0.9022211219507159,-2.271241620786947,2.562122624739825,0.05169877974245324,2.562122624739825,0
signed_amount_sum_5,test,0.052183432363758886,0.9055976246710739,-2.2357066950095077,2.532480511292364,0.052183432363758886,2.532480511292364,0
signed_volume_mean_5,test,0.05169877974245326,0.9022211219507159,-2.271241620786947,2.562122624739825,0.05169877974245326,2.562122624739825,0
signed_amount_mean_5,test,0.05218343236375889,0.9055976246710741,-2.235706695009508,2.5324805112923645,0.05218343236375889,2.5324805112923645,0
signed_volume_sum_10,test,0.07661662528060897,0.89441236549871,-2.720073571651833,2.8368593701961,0.07661662528060897,2.8368593701961,0
signed_amount_sum_10,test,0.07749478985267838,0.899805559614872,-2.7406469440172794,2.831890149049078,0.07749478985267838,2.831890149049078,0
signed_volume_mean_10,test,0.07661662528060904,0.89441236549871,-2.720073571651833,2.8368593701961,0.07661662528060904,2.8368593701961,0
signed_amount_mean_10,test,0.07749478985267837,0.8998055596148719,-2.7406469440172794,2.831890149049078,0.07749478985267837,2.831890149049078,0
signed_volume_sum_20,test,0.10557746134379606,0.865148016607669,-2.625580975727921,2.6087230116104947,0.10557746134379606,2.625580975727921,0
signed_amount_sum_20,test,0.10689433019989909,0.8710545662247879,-2.655609984549447,2.612516840185696,0.10689433019989909,2.655609984549447,0
signed_volume_mean_20,test,0.10557746134379599,0.865148016607669,-2.6255809757279205,2.6087230116104942,0.10557746134379599,2.6255809757279205,0
signed_amount_mean_20,test,0.10689433019989916,0.8710545662247879,-2.655609984549447,2.612516840185696,0.10689433019989916,2.655609984549447,0
signed_volume_sum_48,test,0.1120563705223153,0.8238214175727925,-2.1348033726428555,2.2356566973314815,0.1120563705223153,2.2356566973314815,0
signed_amount_sum_48,test,0.11375995659730026,0.8310943869838421,-2.1694904670612516,2.2421174129814547,0.11375995659730026,2.2421174129814547,0
signed_volume_mean_48,test,0.11205637052231525,0.8238214175727927,-2.1348033726428555,2.2356566973314824,0.11205637052231525,2.2356566973314824,0
signed_amount_mean_48,test,0.1137599565973003,0.8310943869838421,-2.1694904670612516,2.2421174129814547,0.1137599565973003,2.2421174129814547,0
up_volume_ratio,test,-0.037701454852688165,0.9133115949586333,-0.6122910023511062,8.842811506823763,0.037701454852688165,8.842811506823763,0
down_volume_ratio,test,0.0005151585029967576,1.0714767834976389,-0.7335936398086845,5.87009977625198,0.0005151585029967576,5.87009977625198,0
up_amount_ratio,test,-0.03835581836210247,0.9094149212273009,-0.608573151375297,8.95850560900382,0.03835581836210247,8.95850560900382,0
down_amount_ratio,test,0.00170614580892118,1.074213268062058,-0.7348587627349069,5.945535243305697,0.00170614580892118,5.945535243305697,0
up_volume_ratio_mean_5,test,-0.05862056916640762,0.8226316177804723,-1.01240987188474,5.366471008113287,0.05862056916640762,5.366471008113287,0
down_volume_ratio_mean_5,test,0.016661347412134115,1.174350602529743,-1.2353077257834633,7.106334386910853,0.016661347412134115,7.106334386910853,0
up_amount_ratio_mean_5,test,-0.059357650768235744,0.8186538613207252,-1.002422677227802,5.359173738957946,0.059357650768235744,5.359173738957946,0
down_amount_ratio_mean_5,test,0.017578095130222283,1.174258398468119,-1.2438165772871592,7.012764594554453,0.017578095130222283,7.012764594554453,0
up_volume_ratio_mean_10,test,-0.07421439242829705,0.7781825337959344,-1.2287229854512454,3.741797738845002,0.07421439242829705,3.741797738845002,0
down_volume_ratio_mean_10,test,0.017872660073099168,1.1663348030029934,-1.3802931774451854,5.501270087228099,0.017872660073099168,5.501270087228099,0
up_amount_ratio_mean_10,test,-0.07508619140424448,0.7738870324346959,-1.2165071365067537,3.730017396273032,0.07508619140424448,3.730017396273032,0
down_amount_ratio_mean_10,test,0.018839781804866514,1.1656576401698722,-1.3909086959304406,5.454803263478781,0.018839781804866514,5.454803263478781,0
up_volume_ratio_mean_20,test,-0.0969122957435078,0.7688307818017913,-1.5213056814888883,2.5233387355558974,0.0969122957435078,2.5233387355558974,0
down_volume_ratio_mean_20,test,0.04065392056347084,1.1287387420657593,-1.648413054332402,4.418782054749307,0.04065392056347084,4.418782054749307,0
up_amount_ratio_mean_20,test,-0.09810908039560343,0.7635990669638535,-1.5035628371603433,2.51314858229836,0.09810908039560343,2.51314858229836,0
down_amount_ratio_mean_20,test,0.04210499240868121,1.1285179690763039,-1.6462394734789925,4.381602320897441,0.04210499240868121,4.381602320897441,0
bar_in_day,test,0.028906412735763415,0.9964005248912946,-1.6924704656789558,1.7040330307732607,0.028906412735763415,1.7040330307732607,0
bar_in_day_pct,test,0.0289064127357636,0.9964005248912946,-1.6924704656789555,1.704033030773261,0.0289064127357636,1.704033030773261,0
is_morning,test,-0.02500031250585947,0.9998124777300821,-1.0050125627355517,0.995012437733208,0.02500031250585947,1.0050125627355517,0
is_afternoon,test,0.025000312505859518,0.9998124777300821,-0.9950124377332081,1.005012562735552,0.025000312505859518,1.005012562735552,0
is_open_30min,test,-0.016972101622122884,0.9804942605191921,-0.3790436028940799,2.6382189077055616,0.016972101622122884,2.6382189077055616,0
is_close_30min,test,0.011387926315891035,1.0128641295191776,-0.37580156842440476,2.660978782479876,0.011387926315891035,2.660978782479876,0
is_after_lunch_open,test,0.005657367207374437,1.0063543006721996,-0.3790436028940799,2.6382189077055616,0.005657367207374437,2.6382189077055616,0
gap_days,test,-0.1388460788313115,0.6275637830380817,-0.43287306929761815,1.2006102110707522,0.1388460788313115,1.2006102110707522,0
is_normal_day,test,0.09656090991705334,0.927437254017683,-1.8829377433825436,0.5310850045437943,0.09656090991705334,1.8829377433825436,0
is_after_weekend,test,-0.0619269247566634,0.9516619028617731,-0.5078007830046403,1.969276207261898,0.0619269247566634,1.969276207261898,0
is_after_holiday,test,-0.123403510468459,4.163336342344337e-17,-0.12340351046845904,-0.12340351046845904,0.123403510468459,0.12340351046845904,0
volume_same_bar_ratio,test,0.33382861986875995,1.0515739467496208,-0.7795899426219767,10.84309770166102,0.33382861986875995,10.84309770166102,0
amount_same_bar_ratio,test,0.3305516645969044,1.0113428667684452,-0.7542457323673312,9.857934105715524,0.3305516645969044,9.857934105715524,0
log_volume_same_bar_ratio,test,0.5118981659376588,0.9426315380481413,-2.0225867720828496,4.040759081002213,0.5118981659376588,4.040759081002213,0
log_amount_same_bar_ratio,test,0.5295258877507767,0.925320793664863,-1.9659459767127458,3.8963561679690284,0.5295258877507767,3.8963561679690284,0
price_zscore_10,test,0.03140617414405217,0.9917816506521031,-2.1939360035767685,2.4859473598416777,0.03140617414405217,2.4859473598416777,0
price_zscore_20,test,0.02815997811359692,1.0039354506278155,-2.5987802121627843,3.0862579362790292,0.02815997811359692,3.0862579362790292,0
price_zscore_48,test,-0.05078986963746573,0.9849740732768112,-2.9373370217266985,3.3948711658869537,0.05078986963746573,3.3948711658869537,0
intraday_range_position,test,0.13834252974849995,0.9629559019142151,-1.4750648055824613,1.8775116492311172,0.13834252974849995,1.8775116492311172,0
amihud,test,0.14375945638564921,1.025789568795908,-1.0338823093668015,4.865117937937845,0.14375945638564921,4.865117937937845,0
amihud_10,test,0.28015839384233165,0.9502168130336832,-1.4876524599990908,3.46011640502862,0.28015839384233165,3.46011640502862,0
amihud_20,test,0.3334678296826388,0.9238154310394399,-1.5624077503313152,3.132634153949775,0.3334678296826388,3.132634153949775,0
amihud_48,test,0.41968360445724257,0.8342269607004582,-1.1922873755252763,2.283922389789351,0.41968360445724257,2.283922389789351,0
range_per_volume,test,0.13746180754190485,1.0407003741091867,-1.4869797700566647,4.193307624080101,0.13746180754190485,4.193307624080101,0
range_per_volume_10,test,0.22243965111666897,1.0132127841370273,-1.6830834898492535,3.151614913055727,0.22243965111666897,3.151614913055727,0
range_per_volume_20,test,0.26637953985177865,0.9884501342419274,-1.641437041057125,2.731550774868813,0.26637953985177865,2.731550774868813,0
range_per_volume_48,test,0.3610150142980513,0.9384564187846135,-1.390941860148572,2.203317876978699,0.3610150142980513,2.203317876978699,0
