,equity,benchmark_equity,alpha_equity
2020-11-25 13:05:00,999706.0,999706.0,1000000.0
2020-11-25 13:10:00,999412.0,999412.0,1000000.0
2020-11-25 13:15:00,998726.0,998726.0,1000000.0
2020-11-25 13:20:00,998628.0,998628.0,1000000.0
2020-11-25 13:25:00,999118.0,999118.0,1000000.0
2020-11-25 13:30:00,998530.0,998530.0,1000000.0
2020-11-25 13:35:00,997844.0,997844.0,1000000.0
2020-11-25 13:40:00,997452.0,997452.0,1000000.0
2020-11-25 13:45:00,996962.0,996962.0,1000000.0
2020-11-25 13:50:00,995982.0,995982.0,1000000.0
2020-11-25 13:55:00,996472.0,996472.0,1000000.0
2020-11-25 14:00:00,996864.0,996864.0,1000000.0
2020-11-25 14:05:00,997354.0,997354.0,1000000.0
2020-11-25 14:10:00,996766.0,996766.0,1000000.0
2020-11-25 14:15:00,996276.0,996276.0,1000000.0
2020-11-25 14:20:00,996570.0,996570.0,1000000.0
2020-11-25 14:25:00,995982.0,995982.0,1000000.0
2020-11-25 14:30:00,995002.0,995002.0,1000000.0
2020-11-25 14:35:00,995198.0,995198.0,1000000.0
2020-11-25 14:40:00,994708.0,994708.0,1000000.0
2020-11-25 14:45:00,992748.0,992748.0,1000000.0
2020-11-25 14:50:00,992944.0,992944.0,1000000.0
2020-11-25 14:55:00,991866.0,991866.0,1000000.0
2020-11-25 15:00:00,991866.0,991866.0,1000000.0
2020-11-26 09:35:00,995198.0,995198.0,1000000.0
2020-11-26 09:40:00,993042.0,993042.0,1000000.0
2020-11-26 09:45:00,995982.0,995982.0,1000000.0
2020-11-26 09:50:00,995002.0,995002.0,1000000.0
2020-11-26 09:55:00,992552.0,992552.0,1000000.0
2020-11-26 10:00:00,994316.0,994316.0,1000000.0
2020-11-26 10:05:00,993630.0,993630.0,1000000.0
2020-11-26 10:10:00,992846.0,992846.0,1000000.0
2020-11-26 10:15:00,990200.0,990200.0,1000000.0
2020-11-26 10:20:00,990200.0,990200.0,1000000.0
2020-11-26 10:25:00,987750.0,987750.0,1000000.0
2020-11-26 10:30:00,987652.0,987652.0,1000000.0
2020-11-26 10:35:00,988730.0,988730.0,1000000.0
2020-11-26 10:40:00,989710.0,989710.0,1000000.0
2020-11-26 10:45:00,989710.0,989710.0,1000000.0
2020-11-26 10:50:00,989024.0,989024.0,1000000.0
2020-11-26 10:55:00,987554.0,987554.0,1000000.0
2020-11-26 11:00:00,986966.0,986966.0,1000000.0
2020-11-26 11:05:00,989220.0,989220.0,1000000.0
2020-11-26 11:10:00,990200.0,990200.0,1000000.0
2020-11-26 11:15:00,990298.0,990298.0,1000000.0
2020-11-26 11:20:00,989220.0,989220.0,1000000.0
2020-11-26 11:25:00,988534.0,988534.0,1000000.0
2020-11-26 11:30:00,989220.0,989220.0,1000000.0
2020-11-26 13:05:00,989318.0,989318.0,1000000.0
2020-11-26 13:10:00,989612.0,989612.0,1000000.0
2020-11-26 13:15:00,989906.0,989906.0,1000000.0
2020-11-26 13:20:00,989416.0,989416.0,1000000.0
2020-11-26 13:25:00,989416.0,989416.0,1000000.0
2020-11-26 13:30:00,988926.0,988926.0,1000000.0
2020-11-26 13:35:00,987946.0,987946.0,1000000.0
2020-11-26 13:40:00,987946.0,987946.0,1000000.0
2020-11-26 13:45:00,987750.0,987750.0,1000000.0
2020-11-26 13:50:00,987946.0,987946.0,1000000.0
2020-11-26 13:55:00,987848.0,987848.0,1000000.0
2020-11-26 14:00:00,987554.0,987554.0,1000000.0
2020-11-26 14:05:00,986966.0,986966.0,1000000.0
2020-11-26 14:10:00,986084.0,986084.0,1000000.0
2020-11-26 14:15:00,986084.0,986084.0,1000000.0
2020-11-26 14:20:00,985594.0,985594.0,1000000.0
2020-11-26 14:25:00,984516.0,984516.0,1000000.0
2020-11-26 14:30:00,983634.0,983634.0,1000000.0
2020-11-26 14:35:00,978636.0,978636.0,1000000.0
2020-11-26 14:40:00,977950.0,977950.0,1000000.0
2020-11-26 14:45:00,978930.0,978930.0,1000000.0
2020-11-26 14:50:00,977166.0,977166.0,1000000.0
2020-11-26 14:55:00,976578.0,976578.0,1000000.0
2020-11-26 15:00:00,976578.0,976578.0,1000000.0
2020-11-27 09:35:00,979518.0,979518.0,1000000.0
2020-11-27 09:40:00,980498.0,980498.0,1000000.0
2020-11-27 09:45:00,978146.0,978146.0,1000000.0
2020-11-27 09:50:00,976774.0,976774.0,1000000.0
2020-11-27 09:55:00,978832.0,978832.0,1000000.0
2020-11-27 10:00:00,980498.0,980498.0,1000000.0
2020-11-27 10:05:00,984614.0,984614.0,1000000.0
2020-11-27 10:10:00,983928.0,983928.0,1000000.0
2020-11-27 10:15:00,982164.0,982164.0,1000000.0
2020-11-27 10:20:00,981870.0,981870.0,1000000.0
2020-11-27 10:25:00,980596.0,980596.0,1000000.0
2020-11-27 10:30:00,980694.0,980694.0,1000000.0
2020-11-27 10:35:00,980596.0,980596.0,1000000.0
2020-11-27 10:40:00,981478.0,981478.0,1000000.0
2020-11-27 10:45:00,979224.0,979224.0,1000000.0
2020-11-27 10:50:00,979224.0,979224.0,1000000.0
2020-11-27 10:55:00,977166.0,977166.0,1000000.0
2020-11-27 11:00:00,977950.0,977950.0,1000000.0
2020-11-27 11:05:00,978636.0,978636.0,1000000.0
2020-11-27 11:10:00,978048.0,978048.0,1000000.0
2020-11-27 11:15:00,977264.0,977264.0,1000000.0
2020-11-27 11:20:00,976382.0,976382.0,1000000.0
2020-11-27 11:25:00,976676.0,976676.0,1000000.0
2020-11-27 11:30:00,975304.0,975304.0,1000000.0
2020-11-27 13:05:00,974716.0,974716.0,1000000.0
2020-11-27 13:10:00,974520.0,974520.0,1000000.0
2020-11-27 13:15:00,973932.0,973932.0,1000000.0
2020-11-27 13:20:00,975500.0,975500.0,1000000.0
2020-11-27 13:25:00,976676.0,976676.0,1000000.0
2020-11-27 13:30:00,976382.0,976382.0,1000000.0
2020-11-27 13:35:00,975794.0,975794.0,1000000.0
2020-11-27 13:40:00,974618.0,974618.0,1000000.0
2020-11-27 13:45:00,975206.0,975206.0,1000000.0
2020-11-27 13:50:00,975794.0,975794.0,1000000.0
2020-11-27 13:55:00,976284.0,976284.0,1000000.0
2020-11-27 14:00:00,976284.0,976284.0,1000000.0
2020-11-27 14:05:00,975696.0,975696.0,1000000.0
2020-11-27 14:10:00,975045.66248,975108.0,999937.66248
2020-11-27 14:15:00,974856.66248,974814.0,1000042.66248
2020-11-27 14:20:00,975738.66248,976186.0,999552.66248
2020-11-27 14:25:00,976494.66248,977362.0,999132.66248
2020-11-27 14:30:00,976893.0171325001,978244.0,998649.0171325001
2020-11-27 14:35:00,977775.0171325001,979126.0,998649.0171325001
2020-11-27 14:40:00,978167.0171325001,979518.0,998649.0171325001
2020-11-27 14:45:00,977089.0171325001,978440.0,998649.0171325001
2020-11-27 14:50:00,976526.5531450001,978048.0,998478.5531450001
2020-11-27 14:55:00,977621.5531450001,979518.0,998103.5531450001
2020-11-27 15:00:00,977302.4544700001,979420.0,997882.4544700001
2020-11-30 09:35:00,968188.4544700001,970306.0,997882.4544700001
2020-11-30 09:40:00,965542.4544700001,967660.0,997882.4544700001
2020-11-30 09:45:00,969266.4544700001,971384.0,997882.4544700001
2020-11-30 09:50:00,969952.4544700001,972070.0,997882.4544700001
2020-11-30 09:55:00,973088.4544700001,975206.0,997882.4544700001
2020-11-30 10:00:00,976910.4544700001,979028.0,997882.4544700001
2020-11-30 10:05:00,979752.4544700001,981870.0,997882.4544700001
2020-11-30 10:10:00,982496.4544700001,984614.0,997882.4544700001
2020-11-30 10:15:00,981124.4544700001,983242.0,997882.4544700001
2020-11-30 10:20:00,980928.4544700001,983046.0,997882.4544700001
2020-11-30 10:25:00,981810.4544700001,983928.0,997882.4544700001
2020-11-30 10:30:00,980928.4544700001,983046.0,997882.4544700001
2020-11-30 10:35:00,980536.4544700001,982654.0,997882.4544700001
2020-11-30 10:40:00,980340.4544700001,982458.0,997882.4544700001
2020-11-30 10:45:00,980732.4544700001,982850.0,997882.4544700001
2020-11-30 10:50:00,981124.4544700001,983242.0,997882.4544700001
2020-11-30 10:55:00,979164.4544700001,981282.0,997882.4544700001
2020-11-30 11:00:00,980634.4544700001,982752.0,997882.4544700001
2020-11-30 11:05:00,990140.4544700001,992258.0,997882.4544700001
2020-11-30 11:10:00,990532.4544700001,992650.0,997882.4544700001
2020-11-30 11:15:00,991316.4544700001,993434.0,997882.4544700001
2020-11-30 11:20:00,990924.4544700001,993042.0,997882.4544700001
2020-11-30 11:25:00,990826.4544700001,992944.0,997882.4544700001
2020-11-30 11:30:00,990728.4544700001,992846.0,997882.4544700001
2020-11-30 13:05:00,989454.4544700001,991572.0,997882.4544700001
2020-11-30 13:10:00,988474.4544700001,990592.0,997882.4544700001
2020-11-30 13:15:00,986808.4544700001,988926.0,997882.4544700001
2020-11-30 13:20:00,987788.4544700001,989906.0,997882.4544700001
2020-11-30 13:25:00,987592.4544700001,989710.0,997882.4544700001
2020-11-30 13:30:00,986612.4544700001,988730.0,997882.4544700001
2020-11-30 13:35:00,985730.4544700001,987848.0,997882.4544700001
2020-11-30 13:40:00,985534.4544700001,987652.0,997882.4544700001
2020-11-30 13:45:00,986318.4544700001,988436.0,997882.4544700001
2020-11-30 13:50:00,986514.4544700001,988632.0,997882.4544700001
2020-11-30 13:55:00,985828.4544700001,987946.0,997882.4544700001
2020-11-30 14:00:00,984848.4544700001,986966.0,997882.4544700001
2020-11-30 14:05:00,984554.4544700001,986672.0,997882.4544700001
2020-11-30 14:10:00,984946.4544700001,987064.0,997882.4544700001
2020-11-30 14:15:00,982006.4544700001,984124.0,997882.4544700001
2020-11-30 14:20:00,979458.4544700001,981576.0,997882.4544700001
2020-11-30 14:25:00,981124.4544700001,983242.0,997882.4544700001
2020-11-30 14:30:00,979752.4544700001,981870.0,997882.4544700001
2020-11-30 14:35:00,978772.4544700001,980890.0,997882.4544700001
2020-11-30 14:40:00,977988.4544700001,980106.0,997882.4544700001
2020-11-30 14:45:00,978282.4544700001,980400.0,997882.4544700001
2020-11-30 14:50:00,979066.4544700001,981184.0,997882.4544700001
2020-11-30 14:55:00,979654.4544700001,981772.0,997882.4544700001
2020-11-30 15:00:00,980438.4544700001,982556.0,997882.4544700001
2020-12-01 09:35:00,975440.4544700001,977558.0,997882.4544700001
2020-12-01 09:40:00,977106.4544700001,979224.0,997882.4544700001
2020-12-01 09:45:00,973284.4544700001,975402.0,997882.4544700001
2020-12-01 09:50:00,972794.4544700001,974912.0,997882.4544700001
2020-12-01 09:55:00,974362.4544700001,976480.0,997882.4544700001
2020-12-01 10:00:00,974656.4544700001,976774.0,997882.4544700001
2020-12-01 10:05:00,972892.4544700001,975010.0,997882.4544700001
2020-12-01 10:10:00,972304.4544700001,974422.0,997882.4544700001
2020-12-01 10:15:00,973676.4544700001,975794.0,997882.4544700001
2020-12-01 10:20:00,973186.4544700001,975304.0,997882.4544700001
2020-12-01 10:25:00,975734.4544700001,977852.0,997882.4544700001
2020-12-01 10:30:00,975636.4544700001,977754.0,997882.4544700001
2020-12-01 10:35:00,973578.4544700001,975696.0,997882.4544700001
2020-12-01 10:40:00,973088.4544700001,975206.0,997882.4544700001
2020-12-01 10:45:00,973872.4544700001,975990.0,997882.4544700001
2020-12-01 10:50:00,972598.4544700001,974716.0,997882.4544700001
2020-12-01 10:55:00,972892.4544700001,975010.0,997882.4544700001
2020-12-01 11:00:00,972892.4544700001,975010.0,997882.4544700001
2020-12-01 11:05:00,972304.4544700001,974422.0,997882.4544700001
2020-12-01 11:10:00,974068.4544700001,976186.0,997882.4544700001
2020-12-01 11:15:00,973872.4544700001,975990.0,997882.4544700001
2020-12-01 11:20:00,972794.4544700001,974912.0,997882.4544700001
2020-12-01 11:25:00,972598.4544700001,974716.0,997882.4544700001
2020-12-01 11:30:00,972990.4544700001,975108.0,997882.4544700001
2020-12-01 13:05:00,973872.4544700001,975990.0,997882.4544700001
2020-12-01 13:10:00,973970.4544700001,976088.0,997882.4544700001
2020-12-01 13:15:00,973578.4544700001,975696.0,997882.4544700001
2020-12-01 13:20:00,973578.4544700001,975696.0,997882.4544700001
2020-12-01 13:25:00,974754.4544700001,976872.0,997882.4544700001
2020-12-01 13:30:00,974362.4544700001,976480.0,997882.4544700001
2020-12-01 13:35:00,975538.4544700001,977656.0,997882.4544700001
2020-12-01 13:40:00,976420.4544700001,978538.0,997882.4544700001
2020-12-01 13:45:00,975832.4544700001,977950.0,997882.4544700001
2020-12-01 13:50:00,977792.4544700001,979910.0,997882.4544700001
2020-12-01 13:55:00,977302.4544700001,979420.0,997882.4544700001
2020-12-01 14:00:00,977792.4544700001,979910.0,997882.4544700001
2020-12-01 14:05:00,975930.4544700001,978048.0,997882.4544700001
2020-12-01 14:10:00,976420.4544700001,978538.0,997882.4544700001
2020-12-01 14:15:00,977106.4544700001,979224.0,997882.4544700001
2020-12-01 14:20:00,976322.4544700001,978440.0,997882.4544700001
2020-12-01 14:25:00,977890.4544700001,980008.0,997882.4544700001
2020-12-01 14:30:00,976910.4544700001,979028.0,997882.4544700001
2020-12-01 14:35:00,977498.4544700001,979616.0,997882.4544700001
2020-12-01 14:40:00,977694.4544700001,979812.0,997882.4544700001
2020-12-01 14:45:00,976518.4544700001,978636.0,997882.4544700001
2020-12-01 14:50:00,976322.4544700001,978440.0,997882.4544700001
2020-12-01 14:55:00,976518.4544700001,978636.0,997882.4544700001
2020-12-01 15:00:00,976910.4544700001,979028.0,997882.4544700001
2020-12-02 09:35:00,982888.4544700001,985006.0,997882.4544700001
2020-12-02 09:40:00,983084.4544700001,985202.0,997882.4544700001
2020-12-02 09:45:00,991120.4544700001,993238.0,997882.4544700001
2020-12-02 09:50:00,991512.4544700001,993630.0,997882.4544700001
2020-12-02 09:55:00,987298.4544700001,989416.0,997882.4544700001
2020-12-02 10:00:00,987298.4544700001,989416.0,997882.4544700001
2020-12-02 10:05:00,986808.4544700001,988926.0,997882.4544700001
2020-12-02 10:10:00,986416.4544700001,988534.0,997882.4544700001
2020-12-02 10:15:00,986906.4544700001,989024.0,997882.4544700001
2020-12-02 10:20:00,988572.4544700001,990690.0,997882.4544700001
2020-12-02 10:25:00,990728.4544700001,992846.0,997882.4544700001
2020-12-02 10:30:00,991904.4544700001,994022.0,997882.4544700001
2020-12-02 10:35:00,991398.4873075001,993532.0,997866.4873075001
2020-12-02 10:40:00,991149.4873075001,993238.0,997911.4873075001
2020-12-02 10:45:00,991813.4873075001,994022.0,997791.4873075001
2020-12-02 10:50:00,989406.4873075001,991180.0,998226.4873075001
2020-12-02 10:55:00,989859.14971,991768.0,998091.14971
2020-12-02 11:00:00,987899.14971,989808.0,998091.14971
2020-12-02 11:05:00,988291.14971,990200.0,998091.14971
2020-12-02 11:10:00,988683.14971,990592.0,998091.14971
2020-12-02 11:15:00,989663.14971,991572.0,998091.14971
2020-12-02 11:20:00,990741.14971,992650.0,998091.14971
2020-12-02 11:25:00,990349.14971,992258.0,998091.14971
2020-12-02 11:30:00,991427.14971,993336.0,998091.14971
2020-12-02 13:05:00,990937.14971,992846.0,998091.14971
2020-12-02 13:10:00,993387.14971,995296.0,998091.14971
2020-12-02 13:15:00,998679.14971,1000588.0,998091.14971
2020-12-02 13:20:00,998581.14971,1000490.0,998091.14971
2020-12-02 13:25:00,999267.14971,1001176.0,998091.14971
2020-12-02 13:30:00,999169.14971,1001078.0,998091.14971
2020-12-02 13:35:00,998189.14971,1000098.0,998091.14971
2020-12-02 13:40:00,997503.14971,999412.0,998091.14971
2020-12-02 13:45:00,996523.14971,998432.0,998091.14971
2020-12-02 13:50:00,996621.14971,998530.0,998091.14971
2020-12-02 13:55:00,996327.14971,998236.0,998091.14971
2020-12-02 14:00:00,997797.14971,999706.0,998091.14971
2020-12-02 14:05:00,997503.14971,999412.0,998091.14971
2020-12-02 14:10:00,997797.14971,999706.0,998091.14971
2020-12-02 14:15:00,997307.14971,999216.0,998091.14971
2020-12-02 14:20:00,997601.14971,999510.0,998091.14971
2020-12-02 14:25:00,997699.14971,999608.0,998091.14971
2020-12-02 14:30:00,997699.14971,999608.0,998091.14971
2020-12-02 14:35:00,996131.14971,998040.0,998091.14971
2020-12-02 14:40:00,996817.14971,998726.0,998091.14971
2020-12-02 14:45:00,996817.14971,998726.0,998091.14971
2020-12-02 14:50:00,996523.14971,998432.0,998091.14971
2020-12-02 14:55:00,996327.14971,998236.0,998091.14971
2020-12-02 15:00:00,996817.14971,998726.0,998091.14971
2020-12-03 09:35:00,996327.14971,998236.0,998091.14971
2020-12-03 09:40:00,996915.14971,998824.0,998091.14971
2020-12-03 09:45:00,992799.14971,994708.0,998091.14971
2020-12-03 09:50:00,993387.14971,995296.0,998091.14971
2020-12-03 09:55:00,992407.14971,994316.0,998091.14971
2020-12-03 10:00:00,989957.14971,991866.0,998091.14971
2020-12-03 10:05:00,989859.14971,991768.0,998091.14971
2020-12-03 10:10:00,989957.14971,991866.0,998091.14971
2020-12-03 10:15:00,991721.14971,993630.0,998091.14971
2020-12-03 10:20:00,990545.14971,992454.0,998091.14971
2020-12-03 10:25:00,995347.14971,997256.0,998091.14971
2020-12-03 10:30:00,995739.14971,997648.0,998091.14971
2020-12-03 10:35:00,992995.14971,994904.0,998091.14971
2020-12-03 10:40:00,994563.14971,996472.0,998091.14971
2020-12-03 10:45:00,993681.14971,995590.0,998091.14971
2020-12-03 10:50:00,992897.14971,994806.0,998091.14971
2020-12-03 10:55:00,991917.14971,993826.0,998091.14971
2020-12-03 11:00:00,993289.14971,995198.0,998091.14971
2020-12-03 11:05:00,993191.14971,995100.0,998091.14971
2020-12-03 11:10:00,995739.14971,997648.0,998091.14971
2020-12-03 11:15:00,993485.14971,995394.0,998091.14971
2020-12-03 11:20:00,994661.14971,996570.0,998091.14971
2020-12-03 11:25:00,993877.14971,995786.0,998091.14971
2020-12-03 11:30:00,994367.14971,996276.0,998091.14971
2020-12-03 13:05:00,993289.14971,995198.0,998091.14971
2020-12-03 13:10:00,992505.14971,994414.0,998091.14971
2020-12-03 13:15:00,993485.14971,995394.0,998091.14971
2020-12-03 13:20:00,992505.14971,994414.0,998091.14971
2020-12-03 13:25:00,991525.14971,993434.0,998091.14971
2020-12-03 13:30:00,991525.14971,993434.0,998091.14971
2020-12-03 13:35:00,990741.14971,992650.0,998091.14971
2020-12-03 13:40:00,991427.14971,993336.0,998091.14971
2020-12-03 13:45:00,990839.14971,992748.0,998091.14971
2020-12-03 13:50:00,991133.14971,993042.0,998091.14971
2020-12-03 13:55:00,990447.14971,992356.0,998091.14971
2020-12-03 14:00:00,991819.14971,993728.0,998091.14971
2020-12-03 14:05:00,990545.14971,992454.0,998091.14971
2020-12-03 14:10:00,990937.14971,992846.0,998091.14971
2020-12-03 14:15:00,991035.14971,992944.0,998091.14971
2020-12-03 14:20:00,992015.14971,993924.0,998091.14971
2020-12-03 14:25:00,992701.14971,994610.0,998091.14971
2020-12-03 14:30:00,992995.14971,994904.0,998091.14971
2020-12-03 14:35:00,991917.14971,993826.0,998091.14971
2020-12-03 14:40:00,991917.14971,993826.0,998091.14971
2020-12-03 14:45:00,990349.14971,992258.0,998091.14971
2020-12-03 14:50:00,991035.14971,992944.0,998091.14971
2020-12-03 14:55:00,989957.14971,991866.0,998091.14971
2020-12-03 15:00:00,989859.14971,991768.0,998091.14971
2020-12-04 09:35:00,984763.14971,986672.0,998091.14971
2020-12-04 09:40:00,981431.14971,983340.0,998091.14971
2020-12-04 09:45:00,984077.14971,985986.0,998091.14971
2020-12-04 09:50:00,980647.14971,982556.0,998091.14971
2020-12-04 09:55:00,981137.14971,983046.0,998091.14971
2020-12-04 10:00:00,972219.14971,974128.0,998091.14971
2020-12-04 10:05:00,970945.14971,972854.0,998091.14971
2020-12-04 10:10:00,965849.14971,967758.0,998091.14971
2020-12-04 10:15:00,966437.14971,968346.0,998091.14971
2020-12-04 10:20:00,967613.14971,969522.0,998091.14971
2020-12-04 10:25:00,965065.14971,966974.0,998091.14971
2020-12-04 10:30:00,967907.14971,969816.0,998091.14971
2020-12-04 10:35:00,967221.14971,969130.0,998091.14971
2020-12-04 10:40:00,967221.14971,969130.0,998091.14971
2020-12-04 10:45:00,966143.14971,968052.0,998091.14971
2020-12-04 10:50:00,967221.14971,969130.0,998091.14971
2020-12-04 10:55:00,968299.14971,970208.0,998091.14971
2020-12-04 11:00:00,969377.14971,971286.0,998091.14971
2020-12-04 11:05:00,968691.14971,970600.0,998091.14971
2020-12-04 11:10:00,969475.14971,971384.0,998091.14971
2020-12-04 11:15:00,967907.14971,969816.0,998091.14971
2020-12-04 11:20:00,968201.14971,970110.0,998091.14971
2020-12-04 11:25:00,968887.14971,970796.0,998091.14971
2020-12-04 11:30:00,968495.14971,970404.0,998091.14971
2020-12-04 13:05:00,971435.14971,973344.0,998091.14971
2020-12-04 13:10:00,974963.14971,976872.0,998091.14971
2020-12-04 13:15:00,972807.14971,974716.0,998091.14971
2020-12-04 13:20:00,974473.14971,976382.0,998091.14971
2020-12-04 13:25:00,974669.14971,976578.0,998091.14971
2020-12-04 13:30:00,973983.14971,975892.0,998091.14971
2020-12-04 13:35:00,974669.14971,976578.0,998091.14971
2020-12-04 13:40:00,974375.14971,976284.0,998091.14971
2020-12-04 13:45:00,974081.14971,975990.0,998091.14971
2020-12-04 13:50:00,974179.14971,976088.0,998091.14971
2020-12-04 13:55:00,975257.14971,977166.0,998091.14971
2020-12-04 14:00:00,975649.14971,977558.0,998091.14971
2020-12-04 14:05:00,974277.14971,976186.0,998091.14971
2020-12-04 14:10:00,972611.14971,974520.0,998091.14971
2020-12-04 14:15:00,972611.14971,974520.0,998091.14971
2020-12-04 14:20:00,969965.14971,971874.0,998091.14971
2020-12-04 14:25:00,968005.14971,969914.0,998091.14971
2020-12-04 14:30:00,968005.14971,969914.0,998091.14971
2020-12-04 14:35:00,968789.14971,970698.0,998091.14971
2020-12-04 14:40:00,968691.14971,970600.0,998091.14971
2020-12-04 14:45:00,969573.14971,971482.0,998091.14971
2020-12-04 14:50:00,969377.14971,971286.0,998091.14971
2020-12-04 14:55:00,969965.14971,971874.0,998091.14971
2020-12-04 15:00:00,970357.14971,972266.0,998091.14971
2020-12-07 09:35:00,998679.14971,1000588.0,998091.14971
2020-12-07 09:40:00,997405.14971,999314.0,998091.14971
2020-12-07 09:45:00,997111.14971,999020.0,998091.14971
2020-12-07 09:50:00,997797.14971,999706.0,998091.14971
2020-12-07 09:55:00,997137.4548065001,999020.0,998117.4548065001
2020-12-07 10:00:00,997003.4548065001,998824.0,998179.4548065001
2020-12-07 10:05:00,996869.4548065001,998628.0,998241.4548065001
2020-12-07 10:10:00,996936.4548065001,998726.0,998210.4548065001
2020-12-07 10:15:00,996668.4548065001,998334.0,998334.4548065001
2020-12-07 10:20:00,996065.4548065001,997452.0,998613.4548065001
2020-12-07 10:25:00,995947.7335975001,997648.0,998299.7335975001
2020-12-07 10:30:00,995261.7335975001,996962.0,998299.7335975001
2020-12-07 10:35:00,995359.7335975001,997060.0,998299.7335975001
2020-12-07 10:40:00,995457.7335975001,997158.0,998299.7335975001
2020-12-07 10:45:00,993987.7335975001,995688.0,998299.7335975001
2020-12-07 10:50:00,993399.7335975001,995100.0,998299.7335975001
2020-12-07 10:55:00,993791.7335975001,995492.0,998299.7335975001
2020-12-07 11:00:00,993203.7335975001,994904.0,998299.7335975001
2020-12-07 11:05:00,992027.7335975001,993728.0,998299.7335975001
2020-12-07 11:10:00,991047.7335975001,992748.0,998299.7335975001
2020-12-07 11:15:00,990949.7335975001,992650.0,998299.7335975001
2020-12-07 11:20:00,990165.7335975001,991866.0,998299.7335975001
2020-12-07 11:25:00,992909.7335975001,994610.0,998299.7335975001
2020-12-07 11:30:00,993105.7335975001,994806.0,998299.7335975001
2020-12-07 13:05:00,992517.7335975001,994218.0,998299.7335975001
2020-12-07 13:10:00,992321.7335975001,994022.0,998299.7335975001
2020-12-07 13:15:00,993791.7335975001,995492.0,998299.7335975001
2020-12-07 13:20:00,994379.7335975001,996080.0,998299.7335975001
2020-12-07 13:25:00,995653.7335975001,997354.0,998299.7335975001
2020-12-07 13:30:00,995065.7335975001,996766.0,998299.7335975001
2020-12-07 13:35:00,994379.7335975001,996080.0,998299.7335975001
2020-12-07 13:40:00,994575.7335975001,996276.0,998299.7335975001
2020-12-07 13:45:00,994575.7335975001,996276.0,998299.7335975001
2020-12-07 13:50:00,993791.7335975001,995492.0,998299.7335975001
2020-12-07 13:55:00,993595.7335975001,995296.0,998299.7335975001
2020-12-07 14:00:00,994575.7335975001,996276.0,998299.7335975001
2020-12-07 14:05:00,996045.7335975001,997746.0,998299.7335975001
2020-12-07 14:10:00,995359.7335975001,997060.0,998299.7335975001
2020-12-07 14:15:00,995555.7335975001,997256.0,998299.7335975001
2020-12-07 14:20:00,995751.7335975001,997452.0,998299.7335975001
2020-12-07 14:25:00,994399.4843675002,995982.0,998417.4843675002
2020-12-07 14:30:00,994087.4843675002,995590.0,998497.4843675002
2020-12-07 14:35:00,994087.4843675002,995590.0,998497.4843675002
2020-12-07 14:40:00,993931.4843675002,995394.0,998537.4843675002
2020-12-07 14:45:00,993073.4843675002,994316.0,998757.4843675002
2020-12-07 14:50:00,993166.0439075001,994610.0,998556.0439075001
2020-12-07 14:55:00,991794.0439075001,993238.0,998556.0439075001
2020-12-07 15:00:00,991696.0439075001,993140.0,998556.0439075001
2020-12-08 09:35:00,994342.0439075001,995786.0,998556.0439075001
2020-12-08 09:40:00,993068.0439075001,994512.0,998556.0439075001
2020-12-08 09:45:00,990814.0439075001,992258.0,998556.0439075001
2020-12-08 09:50:00,993852.0439075001,995296.0,998556.0439075001
2020-12-08 09:55:00,993754.0439075001,995198.0,998556.0439075001
2020-12-08 10:00:00,992872.0439075001,994316.0,998556.0439075001
2020-12-08 10:05:00,991304.0439075001,992748.0,998556.0439075001
2020-12-08 10:10:00,991990.0439075001,993434.0,998556.0439075001
2020-12-08 10:15:00,991598.0439075001,993042.0,998556.0439075001
2020-12-08 10:20:00,994048.0439075001,995492.0,998556.0439075001
2020-12-08 10:25:00,997184.0439075001,998628.0,998556.0439075001
2020-12-08 10:30:00,998066.0439075001,999510.0,998556.0439075001
2020-12-08 10:35:00,995420.0439075001,996864.0,998556.0439075001
2020-12-08 10:40:00,996498.0439075001,997942.0,998556.0439075001
2020-12-08 10:45:00,995028.0439075001,996472.0,998556.0439075001
2020-12-08 10:50:00,995224.0439075001,996668.0,998556.0439075001
2020-12-08 10:55:00,995322.0439075001,996766.0,998556.0439075001
2020-12-08 11:00:00,996498.0439075001,997942.0,998556.0439075001
2020-12-08 11:05:00,998262.0439075001,999706.0,998556.0439075001
2020-12-08 11:10:00,997086.0439075001,998530.0,998556.0439075001
2020-12-08 11:15:00,997674.0439075001,999118.0,998556.0439075001
2020-12-08 11:20:00,998262.0439075001,999706.0,998556.0439075001
2020-12-08 11:25:00,997968.0439075001,999412.0,998556.0439075001
2020-12-08 11:30:00,998066.0439075001,999510.0,998556.0439075001
2020-12-08 13:05:00,996792.0439075001,998236.0,998556.0439075001
2020-12-08 13:10:00,997870.0439075001,999314.0,998556.0439075001
2020-12-08 13:15:00,998164.0439075001,999608.0,998556.0439075001
2020-12-08 13:20:00,997576.0439075001,999020.0,998556.0439075001
2020-12-08 13:25:00,997772.0439075001,999216.0,998556.0439075001
2020-12-08 13:30:00,997184.0439075001,998628.0,998556.0439075001
2020-12-08 13:35:00,997772.0439075001,999216.0,998556.0439075001
2020-12-08 13:40:00,997772.0439075001,999216.0,998556.0439075001
2020-12-08 13:45:00,997968.0439075001,999412.0,998556.0439075001
2020-12-08 13:50:00,998066.0439075001,999510.0,998556.0439075001
2020-12-08 13:55:00,997870.0439075001,999314.0,998556.0439075001
2020-12-08 14:00:00,998164.0439075001,999608.0,998556.0439075001
2020-12-08 14:05:00,998262.0439075001,999706.0,998556.0439075001
2020-12-08 14:10:00,998164.0439075001,999608.0,998556.0439075001
2020-12-08 14:15:00,998164.0439075001,999608.0,998556.0439075001
2020-12-08 14:20:00,998066.0439075001,999510.0,998556.0439075001
2020-12-08 14:25:00,998262.0439075001,999706.0,998556.0439075001
2020-12-08 14:30:00,997674.0439075001,999118.0,998556.0439075001
2020-12-08 14:35:00,998066.0439075001,999510.0,998556.0439075001
2020-12-08 14:40:00,997968.0439075001,999412.0,998556.0439075001
2020-12-08 14:45:00,998164.0439075001,999608.0,998556.0439075001
2020-12-08 14:50:00,997968.2985015002,999510.0,998458.2985015002
2020-12-08 14:55:00,997796.2985015002,999314.0,998482.2985015002
2020-12-08 15:00:00,997796.2985015002,999314.0,998482.2985015002
2020-12-09 09:35:00,996020.5339255002,997648.0,998372.5339255002
2020-12-09 09:40:00,996510.5339255002,998138.0,998372.5339255002
2020-12-09 09:45:00,993570.5339255002,995198.0,998372.5339255002
2020-12-09 09:50:00,993766.5339255002,995394.0,998372.5339255002
2020-12-09 09:55:00,991904.5339255002,993532.0,998372.5339255002
2020-12-09 10:00:00,992100.5339255002,993728.0,998372.5339255002
2020-12-09 10:05:00,993864.5339255002,995492.0,998372.5339255002
2020-12-09 10:10:00,994550.5339255002,996178.0,998372.5339255002
2020-12-09 10:15:00,992688.5339255002,994316.0,998372.5339255002
2020-12-09 10:20:00,993668.5339255002,995296.0,998372.5339255002
2020-12-09 10:25:00,993472.5339255002,995100.0,998372.5339255002
2020-12-09 10:30:00,992492.5339255002,994120.0,998372.5339255002
2020-12-09 10:35:00,992884.5339255002,994512.0,998372.5339255002
2020-12-09 10:40:00,992100.5339255002,993728.0,998372.5339255002
2020-12-09 10:45:00,993962.5339255002,995590.0,998372.5339255002
2020-12-09 10:50:00,993962.5339255002,995590.0,998372.5339255002
2020-12-09 10:55:00,996412.5339255002,998040.0,998372.5339255002
2020-12-09 11:00:00,997196.5339255002,998824.0,998372.5339255002
2020-12-09 11:05:00,997098.5339255002,998726.0,998372.5339255002
2020-12-09 11:10:00,997980.5339255002,999608.0,998372.5339255002
2020-12-09 11:15:00,997784.5339255002,999412.0,998372.5339255002
2020-12-09 11:20:00,997490.5339255002,999118.0,998372.5339255002
2020-12-09 11:25:00,997882.5339255002,999510.0,998372.5339255002
2020-12-09 11:30:00,997294.5339255002,998922.0,998372.5339255002
2020-12-09 13:05:00,996412.5339255002,998040.0,998372.5339255002
2020-12-09 13:10:00,996608.5339255002,998236.0,998372.5339255002
2020-12-09 13:15:00,997980.5339255002,999608.0,998372.5339255002
2020-12-09 13:20:00,997294.5339255002,998922.0,998372.5339255002
2020-12-09 13:25:00,997490.5339255002,999118.0,998372.5339255002
2020-12-09 13:30:00,996118.5339255002,997746.0,998372.5339255002
2020-12-09 13:35:00,997686.5339255002,999314.0,998372.5339255002
2020-12-09 13:40:00,997980.5339255002,999608.0,998372.5339255002
2020-12-09 13:45:00,997588.5339255002,999216.0,998372.5339255002
2020-12-09 13:50:00,997196.5339255002,998824.0,998372.5339255002
2020-12-09 13:55:00,997098.5339255002,998726.0,998372.5339255002
2020-12-09 14:00:00,997196.5339255002,998824.0,998372.5339255002
2020-12-09 14:05:00,997000.5339255002,998628.0,998372.5339255002
2020-12-09 14:10:00,998176.5339255002,999804.0,998372.5339255002
2020-12-09 14:15:00,998372.5339255002,1000000.0,998372.5339255002
2020-12-09 14:20:00,997882.5339255002,999510.0,998372.5339255002
2020-12-09 14:25:00,997980.5339255002,999608.0,998372.5339255002
2020-12-09 14:30:00,997980.5339255002,999608.0,998372.5339255002
2020-12-09 14:35:00,997196.5339255002,998824.0,998372.5339255002
2020-12-09 14:40:00,995824.5339255002,997452.0,998372.5339255002
2020-12-09 14:45:00,994550.5339255002,996178.0,998372.5339255002
2020-12-09 14:50:00,994060.5339255002,995688.0,998372.5339255002
2020-12-09 14:55:00,992786.5339255002,994414.0,998372.5339255002
2020-12-09 15:00:00,991708.5339255002,993336.0,998372.5339255002
2020-12-10 09:35:00,992590.5339255002,994218.0,998372.5339255002
2020-12-10 09:40:00,993668.5339255002,995296.0,998372.5339255002
2020-12-10 09:45:00,990924.5339255002,992552.0,998372.5339255002
2020-12-10 09:50:00,994256.5339255002,995884.0,998372.5339255002
2020-12-10 09:55:00,995432.5339255002,997060.0,998372.5339255002
2020-12-10 10:00:00,998078.5339255002,999706.0,998372.5339255002
2020-12-10 10:05:00,997392.5339255002,999020.0,998372.5339255002
2020-12-10 10:10:00,997392.5339255002,999020.0,998372.5339255002
2020-12-10 10:15:00,997980.5339255002,999608.0,998372.5339255002
2020-12-10 10:20:00,996804.5339255002,998432.0,998372.5339255002
2020-12-10 10:25:00,997490.5339255002,999118.0,998372.5339255002
2020-12-10 10:30:00,997784.5339255002,999412.0,998372.5339255002
2020-12-10 10:35:00,997490.5339255002,999118.0,998372.5339255002
2020-12-10 10:40:00,997882.5339255002,999510.0,998372.5339255002
2020-12-10 10:45:00,997351.6472485001,999118.0,998233.6472485001
2020-12-10 10:50:00,997777.6472485001,999706.0,998071.6472485001
2020-12-10 10:55:00,997635.6472485001,999510.0,998125.6472485001
2020-12-10 11:00:00,997777.6472485001,999706.0,998071.6472485001
2020-12-10 11:05:00,997706.6472485001,999608.0,998098.6472485001
2020-12-10 11:10:00,997422.6472485001,999216.0,998206.6472485001
2020-12-10 11:15:00,997493.6472485001,999314.0,998179.6472485001
2020-12-10 11:20:00,997635.6472485001,999510.0,998125.6472485001
2020-12-10 11:25:00,997777.6472485001,999706.0,998071.6472485001
2020-12-10 11:30:00,997493.6472485001,999314.0,998179.6472485001
2020-12-10 13:05:00,997635.6472485001,999510.0,998125.6472485001
2020-12-10 13:10:00,997706.6472485001,999608.0,998098.6472485001
2020-12-10 13:15:00,997635.6472485001,999510.0,998125.6472485001
2020-12-10 13:20:00,997990.6472485001,1000000.0,997990.6472485001
2020-12-10 13:25:00,998571.3123310001,1000882.0,997689.3123310001
2020-12-10 13:30:00,997983.3123310001,1000294.0,997689.3123310001
2020-12-10 13:35:00,998179.3123310001,1000490.0,997689.3123310001
2020-12-10 13:40:00,997297.3123310001,999608.0,997689.3123310001
2020-12-10 13:45:00,997217.0091150001,999706.0,997511.0091150001
2020-12-10 13:50:00,995905.0091150001,998138.0,997767.0091150001
2020-12-10 13:55:00,994757.0091150001,996766.0,997991.0091150001
2020-12-10 14:00:00,996245.2325390002,998432.0,997813.2325390002
2020-12-10 14:05:00,993991.2325390002,996178.0,997813.2325390002
2020-12-10 14:10:00,994285.2325390002,996472.0,997813.2325390002
2020-12-10 14:15:00,994285.2325390002,996472.0,997813.2325390002
2020-12-10 14:20:00,996049.2325390002,998236.0,997813.2325390002
2020-12-10 14:25:00,996441.2325390002,998628.0,997813.2325390002
2020-12-10 14:30:00,997029.2325390002,999216.0,997813.2325390002
2020-12-10 14:35:00,996343.2325390002,998530.0,997813.2325390002
2020-12-10 14:40:00,997519.2325390002,999706.0,997813.2325390002
2020-12-10 14:45:00,997028.9053310002,999314.0,997714.9053310002
2020-12-10 14:50:00,997192.9053310002,999510.0,997682.9053310002
2020-12-10 14:55:00,997356.9053310002,999706.0,997650.9053310002
2020-12-10 15:00:00,997356.9053310002,999706.0,997650.9053310002
2020-12-11 09:35:00,994564.4565310002,997060.0,997504.4565310002
2020-12-11 09:40:00,995453.7274670003,998628.0,996825.7274670003
2020-12-11 09:45:00,995778.1382970002,999216.0,996562.1382970002
2020-12-11 09:50:00,996660.1382970002,1000098.0,996562.1382970002
2020-12-11 09:55:00,998032.1382970002,1001470.0,996562.1382970002
2020-12-11 10:00:00,998326.1382970002,1001764.0,996562.1382970002
2020-12-11 10:05:00,999796.1382970002,1003234.0,996562.1382970002
2020-12-11 10:10:00,998130.1382970002,1001568.0,996562.1382970002
2020-12-11 10:15:00,997738.1382970002,1001176.0,996562.1382970002
2020-12-11 10:20:00,1000188.1382970002,1003626.0,996562.1382970002
2020-12-11 10:25:00,998228.1382970002,1001666.0,996562.1382970002
2020-12-11 10:30:00,995974.1382970002,999412.0,996562.1382970002
2020-12-11 10:35:00,995974.1382970002,999412.0,996562.1382970002
2020-12-11 10:40:00,995092.1382970002,998530.0,996562.1382970002
2020-12-11 10:45:00,995288.1382970002,998726.0,996562.1382970002
2020-12-11 10:50:00,992838.1382970002,996276.0,996562.1382970002
2020-12-11 10:55:00,993720.1382970002,997158.0,996562.1382970002
2020-12-11 11:00:00,993720.1382970002,997158.0,996562.1382970002
2020-12-11 11:05:00,994406.1382970002,997844.0,996562.1382970002
2020-12-11 11:10:00,994210.1382970002,997648.0,996562.1382970002
2020-12-11 11:15:00,993622.1382970002,997060.0,996562.1382970002
2020-12-11 11:20:00,994994.1382970002,998432.0,996562.1382970002
2020-12-11 11:25:00,994112.1382970002,997550.0,996562.1382970002
2020-12-11 11:30:00,995680.1382970002,999118.0,996562.1382970002
2020-12-11 13:05:00,994308.1382970002,997746.0,996562.1382970002
2020-12-11 13:10:00,995680.1382970002,999118.0,996562.1382970002
2020-12-11 13:15:00,996170.1382970002,999608.0,996562.1382970002
2020-12-11 13:20:00,995974.1382970002,999412.0,996562.1382970002
2020-12-11 13:25:00,994798.1382970002,998236.0,996562.1382970002
2020-12-11 13:30:00,995680.1382970002,999118.0,996562.1382970002
2020-12-11 13:35:00,995778.1382970002,999216.0,996562.1382970002
2020-12-11 13:40:00,995680.1382970002,999118.0,996562.1382970002
2020-12-11 13:45:00,995876.1382970002,999314.0,996562.1382970002
2020-12-11 13:50:00,994896.1382970002,998334.0,996562.1382970002
2020-12-11 13:55:00,995288.1382970002,998726.0,996562.1382970002
2020-12-11 14:00:00,994406.1382970002,997844.0,996562.1382970002
2020-12-11 14:05:00,994014.1382970002,997452.0,996562.1382970002
2020-12-11 14:10:00,993132.1382970002,996570.0,996562.1382970002
2020-12-11 14:15:00,990780.1382970002,994218.0,996562.1382970002
2020-12-11 14:20:00,990388.1382970002,993826.0,996562.1382970002
2020-12-11 14:25:00,988918.1382970002,992356.0,996562.1382970002
2020-12-11 14:30:00,991074.1382970002,994512.0,996562.1382970002
2020-12-11 14:35:00,993034.1382970002,996472.0,996562.1382970002
2020-12-11 14:40:00,992838.1382970002,996276.0,996562.1382970002
2020-12-11 14:45:00,994210.1382970002,997648.0,996562.1382970002
2020-12-11 14:50:00,996072.1382970002,999510.0,996562.1382970002
2020-12-11 14:55:00,995092.1382970002,998530.0,996562.1382970002
2020-12-11 15:00:00,996170.1382970002,999608.0,996562.1382970002
2020-12-14 09:35:00,994406.1382970002,997844.0,996562.1382970002
2020-12-14 09:40:00,994700.1382970002,998138.0,996562.1382970002
2020-12-14 09:45:00,995680.1382970002,999118.0,996562.1382970002
2020-12-14 09:50:00,990388.1382970002,993826.0,996562.1382970002
2020-12-14 09:55:00,988330.1382970002,991768.0,996562.1382970002
2020-12-14 10:00:00,988134.1382970002,991572.0,996562.1382970002
2020-12-14 10:05:00,990878.1382970002,994316.0,996562.1382970002
2020-12-14 10:10:00,989506.1382970002,992944.0,996562.1382970002
2020-12-14 10:15:00,989212.1382970002,992650.0,996562.1382970002
2020-12-14 10:20:00,989212.1382970002,992650.0,996562.1382970002
2020-12-14 10:25:00,991466.1382970002,994904.0,996562.1382970002
2020-12-14 10:30:00,991956.1382970002,995394.0,996562.1382970002
2020-12-14 10:35:00,990878.1382970002,994316.0,996562.1382970002
2020-12-14 10:40:00,990486.1382970002,993924.0,996562.1382970002
2020-12-14 10:45:00,990878.1382970002,994316.0,996562.1382970002
2020-12-14 10:50:00,992740.1382970002,996178.0,996562.1382970002
2020-12-14 10:55:00,992054.1382970002,995492.0,996562.1382970002
2020-12-14 11:00:00,992740.1382970002,996178.0,996562.1382970002
2020-12-14 11:05:00,992936.1382970002,996374.0,996562.1382970002
2020-12-14 11:10:00,993230.1382970002,996668.0,996562.1382970002
2020-12-14 11:15:00,992152.1382970002,995590.0,996562.1382970002
2020-12-14 11:20:00,992348.1382970002,995786.0,996562.1382970002
2020-12-14 11:25:00,993034.1382970002,996472.0,996562.1382970002
2020-12-14 11:30:00,990192.1382970002,993630.0,996562.1382970002
2020-12-14 13:05:00,988526.1382970002,991964.0,996562.1382970002
2020-12-14 13:10:00,987448.1382970002,990886.0,996562.1382970002
2020-12-14 13:15:00,987056.1382970002,990494.0,996562.1382970002
2020-12-14 13:20:00,987840.1382970002,991278.0,996562.1382970002
2020-12-14 13:25:00,988232.1382970002,991670.0,996562.1382970002
2020-12-14 13:30:00,989212.1382970002,992650.0,996562.1382970002
2020-12-14 13:35:00,989702.1382970002,993140.0,996562.1382970002
2020-12-14 13:40:00,989212.1382970002,992650.0,996562.1382970002
2020-12-14 13:45:00,988134.1382970002,991572.0,996562.1382970002
2020-12-14 13:50:00,988820.1382970002,992258.0,996562.1382970002
2020-12-14 13:55:00,987350.1382970002,990788.0,996562.1382970002
2020-12-14 14:00:00,988330.1382970002,991768.0,996562.1382970002
2020-12-14 14:05:00,988722.1382970002,992160.0,996562.1382970002
2020-12-14 14:10:00,988820.1382970002,992258.0,996562.1382970002
2020-12-14 14:15:00,988722.1382970002,992160.0,996562.1382970002
2020-12-14 14:20:00,990486.1382970002,993924.0,996562.1382970002
2020-12-14 14:25:00,989604.1382970002,993042.0,996562.1382970002
2020-12-14 14:30:00,990290.1382970002,993728.0,996562.1382970002
2020-12-14 14:35:00,989898.1382970002,993336.0,996562.1382970002
2020-12-14 14:40:00,990878.1382970002,994316.0,996562.1382970002
2020-12-14 14:45:00,992152.1382970002,995590.0,996562.1382970002
2020-12-14 14:50:00,992348.1382970002,995786.0,996562.1382970002
2020-12-14 14:55:00,992152.1382970002,995590.0,996562.1382970002
2020-12-14 15:00:00,992544.1382970002,995982.0,996562.1382970002
2020-12-15 09:35:00,990290.1382970002,993728.0,996562.1382970002
2020-12-15 09:40:00,990192.1382970002,993630.0,996562.1382970002
2020-12-15 09:45:00,989506.1382970002,992944.0,996562.1382970002
2020-12-15 09:50:00,989702.1382970002,993140.0,996562.1382970002
2020-12-15 09:55:00,987350.1382970002,990788.0,996562.1382970002
2020-12-15 10:00:00,982254.1382970002,985692.0,996562.1382970002
2020-12-15 10:05:00,984410.1382970002,987848.0,996562.1382970002
2020-12-15 10:10:00,984704.1382970002,988142.0,996562.1382970002
2020-12-15 10:15:00,985292.1382970002,988730.0,996562.1382970002
2020-12-15 10:20:00,984900.1382970002,988338.0,996562.1382970002
2020-12-15 10:25:00,983822.1382970002,987260.0,996562.1382970002
2020-12-15 10:30:00,985488.1382970002,988926.0,996562.1382970002
2020-12-15 10:35:00,984802.1382970002,988240.0,996562.1382970002
2020-12-15 10:40:00,982450.1382970002,985888.0,996562.1382970002
2020-12-15 10:45:00,978824.1382970002,982262.0,996562.1382970002
2020-12-15 10:50:00,978824.1382970002,982262.0,996562.1382970002
2020-12-15 10:55:00,977452.1382970002,980890.0,996562.1382970002
2020-12-15 11:00:00,977452.1382970002,980890.0,996562.1382970002
2020-12-15 11:05:00,977452.1382970002,980890.0,996562.1382970002
2020-12-15 11:10:00,977648.1382970002,981086.0,996562.1382970002
2020-12-15 11:15:00,971866.1382970002,975304.0,996562.1382970002
2020-12-15 11:20:00,970200.1382970002,973638.0,996562.1382970002
2020-12-15 11:25:00,970788.1382970002,974226.0,996562.1382970002
2020-12-15 11:30:00,972748.1382970002,976186.0,996562.1382970002
2020-12-15 13:05:00,974022.1382970002,977460.0,996562.1382970002
2020-12-15 13:10:00,975100.1382970002,978538.0,996562.1382970002
2020-12-15 13:15:00,975982.1382970002,979420.0,996562.1382970002
2020-12-15 13:20:00,975982.1382970002,979420.0,996562.1382970002
2020-12-15 13:25:00,975786.1382970002,979224.0,996562.1382970002
2020-12-15 13:30:00,977060.1382970002,980498.0,996562.1382970002
2020-12-15 13:35:00,974218.1382970002,977656.0,996562.1382970002
2020-12-15 13:40:00,975100.1382970002,978538.0,996562.1382970002
2020-12-15 13:45:00,973728.1382970002,977166.0,996562.1382970002
2020-12-15 13:50:00,975002.1382970002,978440.0,996562.1382970002
2020-12-15 13:55:00,973728.1382970002,977166.0,996562.1382970002
2020-12-15 14:00:00,972062.1382970002,975500.0,996562.1382970002
2020-12-15 14:05:00,972748.1382970002,976186.0,996562.1382970002
2020-12-15 14:10:00,973238.1382970002,976676.0,996562.1382970002
2020-12-15 14:15:00,973042.1382970002,976480.0,996562.1382970002
2020-12-15 14:20:00,973924.1382970002,977362.0,996562.1382970002
2020-12-15 14:25:00,973532.1382970002,976970.0,996562.1382970002
2020-12-15 14:30:00,973042.1382970002,976480.0,996562.1382970002
2020-12-15 14:35:00,973728.1382970002,977166.0,996562.1382970002
2020-12-15 14:40:00,972748.1382970002,976186.0,996562.1382970002
2020-12-15 14:45:00,971866.1382970002,975304.0,996562.1382970002
2020-12-15 14:50:00,971278.1382970002,974716.0,996562.1382970002
2020-12-15 14:55:00,971376.1382970002,974814.0,996562.1382970002
2020-12-15 15:00:00,971082.1382970002,974520.0,996562.1382970002
2020-12-16 09:35:00,921298.1382970002,924736.0,996562.1382970002
2020-12-16 09:40:00,929138.1382970002,932576.0,996562.1382970002
2020-12-16 09:45:00,928256.1382970002,931694.0,996562.1382970002
2020-12-16 09:50:00,932568.1382970002,936006.0,996562.1382970002
2020-12-16 09:55:00,933362.6254970003,937574.0,995788.6254970003
2020-12-16 10:00:00,928196.4581370003,932478.0,995718.4581370003
2020-12-16 10:05:00,929200.0344945004,935908.0,993292.0344945004
2020-12-16 10:10:00,925203.7547845005,932086.0,993117.7547845005
2020-12-16 10:15:00,928214.4370670004,935516.0,992698.4370670004
2020-12-16 10:20:00,927275.6141360004,934634.0,992641.6141360004
2020-12-16 10:25:00,929235.6141360004,936594.0,992641.6141360004
2020-12-16 10:30:00,927079.6141360004,934438.0,992641.6141360004
2020-12-16 10:35:00,924531.6141360004,931890.0,992641.6141360004
2020-12-16 10:40:00,926785.6141360004,934144.0,992641.6141360004
2020-12-16 10:45:00,925511.6141360004,932870.0,992641.6141360004
2020-12-16 10:50:00,925217.6141360004,932576.0,992641.6141360004
2020-12-16 10:55:00,925217.6141360004,932576.0,992641.6141360004
2020-12-16 11:00:00,926883.6141360004,934242.0,992641.6141360004
2020-12-16 11:05:00,928549.6141360004,935908.0,992641.6141360004
2020-12-16 11:10:00,927765.6141360004,935124.0,992641.6141360004
2020-12-16 11:15:00,927765.6141360004,935124.0,992641.6141360004
2020-12-16 11:20:00,927569.6141360004,934928.0,992641.6141360004
2020-12-16 11:25:00,926981.6141360004,934340.0,992641.6141360004
2020-12-16 11:30:00,926785.6141360004,934144.0,992641.6141360004
2020-12-16 13:05:00,928059.6141360004,935418.0,992641.6141360004
2020-12-16 13:10:00,930607.6141360004,937966.0,992641.6141360004
2020-12-16 13:15:00,930313.6141360004,937672.0,992641.6141360004
2020-12-16 13:20:00,929137.6141360004,936496.0,992641.6141360004
2020-12-16 13:25:00,930705.6141360004,938064.0,992641.6141360004
2020-12-16 13:30:00,934037.6141360004,941396.0,992641.6141360004
2020-12-16 13:35:00,932959.6141360004,940318.0,992641.6141360004
2020-12-16 13:40:00,932665.6141360004,940024.0,992641.6141360004
2020-12-16 13:45:00,932665.6141360004,940024.0,992641.6141360004
2020-12-16 13:50:00,936781.6141360004,944140.0,992641.6141360004
2020-12-16 13:55:00,936193.6141360004,943552.0,992641.6141360004
2020-12-16 14:00:00,940995.6141360004,948354.0,992641.6141360004
2020-12-16 14:05:00,943347.6141360004,950706.0,992641.6141360004
2020-12-16 14:10:00,943641.6141360004,951000.0,992641.6141360004
2020-12-16 14:15:00,945797.6141360004,953156.0,992641.6141360004
2020-12-16 14:20:00,943837.6141360004,951196.0,992641.6141360004
2020-12-16 14:25:00,941485.6141360004,948844.0,992641.6141360004
2020-12-16 14:30:00,940505.6141360004,947864.0,992641.6141360004
2020-12-16 14:35:00,938741.6141360004,946100.0,992641.6141360004
2020-12-16 14:40:00,937859.6141360004,945218.0,992641.6141360004
2020-12-16 14:45:00,940701.6141360004,948060.0,992641.6141360004
2020-12-16 14:50:00,937271.6141360004,944630.0,992641.6141360004
2020-12-16 14:55:00,935605.6141360004,942964.0,992641.6141360004
2020-12-16 15:00:00,935507.6141360004,942866.0,992641.6141360004
2020-12-17 09:35:00,930313.6141360004,937672.0,992641.6141360004
2020-12-17 09:40:00,929039.6141360004,936398.0,992641.6141360004
2020-12-17 09:45:00,927275.6141360004,934634.0,992641.6141360004
2020-12-17 09:50:00,928255.6141360004,935614.0,992641.6141360004
2020-12-17 09:55:00,930999.6141360004,938358.0,992641.6141360004
2020-12-17 10:00:00,928059.6141360004,935418.0,992641.6141360004
2020-12-17 10:05:00,929431.6141360004,936790.0,992641.6141360004
2020-12-17 10:10:00,929529.6141360004,936888.0,992641.6141360004
2020-12-17 10:15:00,929529.6141360004,936888.0,992641.6141360004
2020-12-17 10:20:00,929921.6141360004,937280.0,992641.6141360004
2020-12-17 10:25:00,927961.6141360004,935320.0,992641.6141360004
2020-12-17 10:30:00,929431.6141360004,936790.0,992641.6141360004
2020-12-17 10:35:00,928647.6141360004,936006.0,992641.6141360004
2020-12-17 10:40:00,928843.6141360004,936202.0,992641.6141360004
2020-12-17 10:45:00,927765.6141360004,935124.0,992641.6141360004
2020-12-17 10:50:00,927667.6141360004,935026.0,992641.6141360004
2020-12-17 10:55:00,928353.6141360004,935712.0,992641.6141360004
2020-12-17 11:00:00,927569.6141360004,934928.0,992641.6141360004
2020-12-17 11:05:00,924727.6141360004,932086.0,992641.6141360004
2020-12-17 11:10:00,926001.6141360004,933360.0,992641.6141360004
2020-12-17 11:15:00,928255.6141360004,935614.0,992641.6141360004
2020-12-17 11:20:00,928843.6141360004,936202.0,992641.6141360004
2020-12-17 11:25:00,930019.6141360004,937378.0,992641.6141360004
2020-12-17 11:30:00,929039.6141360004,936398.0,992641.6141360004
2020-12-17 13:05:00,930411.6141360004,937770.0,992641.6141360004
2020-12-17 13:10:00,930901.6141360004,938260.0,992641.6141360004
2020-12-17 13:15:00,934625.6141360004,941984.0,992641.6141360004
2020-12-17 13:20:00,940505.6141360004,947864.0,992641.6141360004
2020-12-17 13:25:00,945601.6141360004,952960.0,992641.6141360004
2020-12-17 13:30:00,943347.6141360004,950706.0,992641.6141360004
2020-12-17 13:35:00,948051.6141360004,955410.0,992641.6141360004
2020-12-17 13:40:00,948051.6141360004,955410.0,992641.6141360004
2020-12-17 13:45:00,945405.6141360004,952764.0,992641.6141360004
2020-12-17 13:50:00,945699.6141360004,953058.0,992641.6141360004
2020-12-17 13:55:00,944621.6141360004,951980.0,992641.6141360004
2020-12-17 14:00:00,944327.6141360004,951686.0,992641.6141360004
2020-12-17 14:05:00,944327.6141360004,951686.0,992641.6141360004
2020-12-17 14:10:00,944265.6068210005,951784.0,992481.6068210005
2020-12-17 14:15:00,942645.6068210005,949824.0,992821.6068210005
2020-12-17 14:20:00,942807.6068210005,950020.0,992787.6068210005
2020-12-17 14:25:00,944184.6068210005,951686.0,992498.6068210005
2020-12-17 14:30:00,944265.6068210005,951784.0,992481.6068210005
2020-12-17 14:35:00,943617.6068210005,951000.0,992617.6068210005
2020-12-17 14:40:00,944184.6068210005,951686.0,992498.6068210005
2020-12-17 14:45:00,944832.6068210005,952470.0,992362.6068210005
2020-12-17 14:50:00,944084.2745595004,951882.0,992202.2745595004
2020-12-17 14:55:00,943496.2745595004,951294.0,992202.2745595004
2020-12-17 15:00:00,943006.2745595004,950804.0,992202.2745595004
