feature,importance,side
amihud_48,0.02485545893161537,buy
amihud,0.01724137476364124,buy
down_volume_ratio_mean_20,0.015571807482675601,buy
range_per_volume_10,0.014638638879417933,buy
parkinson_vol_5,0.014268852083406343,buy
range_per_volume_20,0.013464918430519286,buy
clv_volume_sum_5,0.012815651687957286,buy
down_amount_ratio_mean_20,0.012802425192294792,buy
clv_volume_mean_20,0.01246911805422899,buy
vwap_roll_dev_10,0.012418044192234221,buy
mom_10_48,0.012396317258270905,buy
log_ret_20,0.011911610401794724,buy
mom_z_5_20,0.011603854072670393,buy
vwap_spread_48_day,0.011305786066938111,buy
vol_zscore_5_48,0.011084736149376146,buy
volume_change,0.010921167104569885,buy
range_mean_48,0.010915863843727058,buy
ret_amount,0.010765896185834125,buy
vwap_cum_slope_6,0.01075793328521811,buy
vol_zscore_20_48,0.010534483382452024,buy
range_vol_48,0.010504373489611736,buy
range_mean_10,0.010341545637933922,buy
volume_ratio_20,0.009912045956516203,buy
ma_dev_10,0.009663486994245664,buy
vol_48,0.009526188919131411,buy
signed_amount,0.009475611815628972,buy
body,0.009409370427332392,buy
range_per_volume_48,0.009399901330774847,buy
clv_volume_mean_48,0.00935970799548642,buy
adl_roll_norm_48,0.00913946598532805,buy
ma_slope_48,0.008744265453517006,buy
down_amount_ratio_mean_5,0.008743948254926968,buy
vol_ratio_5_20,0.008638925046153568,buy
vol_10,0.008574738068232253,buy
ma_slope_10,0.008289677317667778,buy
range_mean_5,0.00827016551676106,buy
clv_volume_mean_10,0.008035671290404375,buy
range_vol_5,0.007970630454054996,buy
range_per_volume,0.007938915566895683,buy
parkinson_vol_10,0.00787013624437715,buy
log_volume_same_bar_ratio,0.007841612997286578,buy
clv_mean_5,0.007835733117139537,buy
ret_10,0.007760706584000006,buy
amount_ratio_48,0.007737237264917145,buy
log_volume_ratio_20,0.007716045360427062,buy
volume_same_bar_ratio,0.007698541608604028,buy
vwap_spread_20_day,0.0076078870579635825,buy
ma_dev_20,0.00752380634228218,buy
up_amount_ratio_mean_10,0.007332799664867159,buy
clv_volume_mean_5,0.0073296929364510734,buy
bar_in_day_pct,0.007270441541703452,buy
signed_amount_mean_5,0.007258212095640957,buy
clv_volume_sum_20,0.007231840642371634,buy
range_vol_10,0.007096483873511148,buy
amount_same_bar_ratio,0.00704633062736154,buy
clv_sum_5,0.007027334041372637,buy
vwap_roll_slope_10,0.006955515041466821,buy
ma_gap_5_20,0.006930338848293717,buy
lower_shadow,0.006686611171182121,buy
range_mean_20,0.006678400272054416,buy
signed_volume,0.0066726840212034955,buy
down_volume_ratio_mean_10,0.0066300086421804336,buy
amount_ratio_10,0.0065656049665265845,buy
vol_zscore_10_48,0.006447158655605674,buy
vwap_roll_slope_5,0.006393006521519219,buy
parkinson_vol_48,0.006369204556955757,buy
amihud_10,0.006315916824288945,buy
vol_5,0.006246523735203746,buy
volume_ratio_5,0.006231678248136194,buy
price_zscore_48,0.006076876283201349,buy
log_amount_ratio_20,0.005951832958429755,buy
vwap_roll_slope_20,0.005938531664539179,buy
clv_volume_sum_10,0.0059131961352365215,buy
down_amount_ratio_mean_10,0.005746512194440839,buy
clv_mean_48,0.0057402860377201124,buy
bar_in_day,0.005684601981625506,buy
signed_volume_mean_10,0.005624179957119461,buy
range_vol_20,0.005610306969585362,buy
price_zscore_20,0.005580701598892956,buy
ret_48,0.005554063374154836,buy
vol_zscore_20_20,0.0053850133607466,buy
log_ret_1,0.005375563566589148,buy
log_amount_same_bar_ratio,0.005330049819175643,buy
mom_5_20,0.005246299343422955,buy
amihud_20,0.005238520046904749,buy
mom_z_3_20,0.0051221915384173375,buy
log_ret_3,0.005115938501167567,buy
vol_20,0.005110879398223316,buy
mom_change_6,0.005081933568116878,buy
log_volume_ratio_48,0.004978152914702559,buy
ret_20,0.004967984432476949,buy
adl_roll_norm_20,0.004930689331909751,buy
ret_prev_6,0.004898127871035061,buy
vwap_cum_slope_3,0.004897118573717686,buy
signed_volume_mean_5,0.00485365521396257,buy
signed_volume_mean_20,0.004667635538090491,buy
ret_amount_sum_20,0.004634004921010839,buy
clv_sum_48,0.00463187586238152,buy
ret_1,0.004618476190808103,buy
vol_ratio_10_48,0.004594515307872565,buy
parkinson_vol_20,0.004568607676316417,buy
signed_volume_sum_20,0.004456295207497315,buy
ma_gap_10_48,0.004444344439363622,buy
clv_volume_sum_48,0.004383119568992864,buy
signed_volume_sum_48,0.0043561659394403115,buy
clv,0.004293403208597839,buy
up_volume_ratio,0.004245577072255581,buy
signed_amount_mean_10,0.004158262677565533,buy
volume_ratio_48,0.004055626532016272,buy
intraday_range_position,0.0039612359372877375,buy
mom_3_10,0.00393149825459481,buy
vol_zscore_10_20,0.0038486016898902774,buy
clv_volume,0.00384188539830671,buy
clv_mean_10,0.00384138752790815,buy
log_ret_10,0.0038275070772263897,buy
volume_ratio_10,0.003762684790437008,buy
log_amount_ratio_5,0.0037165958581369205,buy
vwap_roll_slope_48,0.0035992192933023692,buy
vwap_dev_day,0.0035806104402277034,buy
ret_prev_3,0.0035731688093554675,buy
upper_shadow,0.0035426497443105053,buy
ret_3,0.003488260960441687,buy
clv_sum_10,0.003475191786173391,buy
clv_mean_20,0.0034636833480005723,buy
vwap_bar_dev,0.0034566656730027822,buy
up_volume_ratio_mean_5,0.003395626471579699,buy
down_volume_ratio_mean_5,0.0032991511344052983,buy
vol_zscore_5_20,0.003267468023754041,buy
ret_volume_sum_10,0.003256991260478418,buy
mom_z_10_48,0.0031677140554203266,buy
vwap_roll_dev_5,0.003120506146852363,buy
signed_volume_sum_10,0.0030534464190355272,buy
ma_dev_48,0.002753871653419454,buy
vwap_roll_dev_48,0.0026815683534895133,buy
vwap_roll_dev_20,0.0026593573030748037,buy
down_volume_ratio,0.0026365926399704296,buy
ret_recent_3,0.0026287778563088963,buy
log_amount_ratio_10,0.0025232411320872806,buy
ma_slope_5,0.0024259848946099854,buy
log_volume_ratio_5,0.0024150899464252472,buy
up_volume_ratio_mean_20,0.002411456320655782,buy
log_volume_ratio_10,0.0023764800054440114,buy
signed_amount_mean_48,0.002315414256767205,buy
amount_ratio_5,0.002269792325692197,buy
clv_sum_20,0.0021284976625130098,buy
amount_change,0.002101055100502318,buy
adl_roll_norm_10,0.002071631981219067,buy
up_amount_ratio_mean_5,0.001963292963383488,buy
signed_amount_sum_20,0.0019496340320523582,buy
amount_ratio_20,0.0019472775640188298,buy
up_amount_ratio_mean_20,0.0019039902964490946,buy
signed_amount_mean_20,0.0017995970409218276,buy
ret_volume,0.0017052912824794151,buy
log_ret_48,0.001587622848820042,buy
bar_range,0.0015701587404973794,buy
log_amount_ratio_48,0.0015372086538001251,buy
price_zscore_10,0.0014818174400375466,buy
log_ret_5,0.0014427407102460927,buy
up_amount_ratio,0.001306896129288574,buy
ma_dev_5,0.0012170090419348504,buy
down_ratio_3,0.0011894835604159427,buy
ret_amount_sum_5,0.0011688408356615321,buy
ret_5,0.001121582677636116,buy
ma_slope_20,0.0010839308526210778,buy
mom_change_3,0.0010645201989366985,buy
is_afternoon,0.0009595488321636955,buy
signed_amount_sum_48,0.0009452334452935352,buy
up_volume_ratio_mean_10,0.0008967857447264169,buy
signed_volume_mean_48,0.0008220085449141623,buy
up_bar,0.0007130872621996361,buy
up_ratio_20,0.00047037051101014393,buy
signed_volume_sum_5,0.00044879649256799285,buy
close_position,0.0003927252371403867,buy
down_amount_ratio,0.00022587216421765337,buy
is_after_lunch_open,0.00016293211219426534,buy
signed_amount_sum_5,1.5219995798341345e-18,buy
down_bar,0.0,buy
up_ratio_3,0.0,buy
up_ratio_5,0.0,buy
down_ratio_5,0.0,buy
up_ratio_10,0.0,buy
down_ratio_10,0.0,buy
down_ratio_20,0.0,buy
ret_volume_sum_5,0.0,buy
ret_amount_sum_10,0.0,buy
ret_volume_sum_20,0.0,buy
signed_amount_sum_10,0.0,buy
is_morning,0.0,buy
is_open_30min,0.0,buy
is_close_30min,0.0,buy
gap_days,0.0,buy
is_normal_day,0.0,buy
is_after_weekend,0.0,buy
is_after_holiday,0.0,buy
vwap_roll_dev_10,0.018052145288413205,sell
intraday_range_position,0.016257481636930356,sell
vol_48,0.016120018005952967,sell
signed_volume_sum_10,0.01563751155915123,sell
range_per_volume,0.014330190117887096,sell
mom_change_3,0.014054224517217046,sell
vwap_roll_slope_5,0.012878174847155812,sell
price_zscore_10,0.012607592028870383,sell
volume_ratio_20,0.012503993442515208,sell
range_vol_10,0.012105899217058798,sell
amihud_10,0.011450263978089204,sell
vol_ratio_5_20,0.011190287124941058,sell
vwap_dev_day,0.011102200948824557,sell
range_vol_20,0.011056319592852214,sell
log_volume_ratio_10,0.01101009195764739,sell
clv_volume_mean_20,0.01100993558797523,sell
volume_ratio_5,0.010973406177257172,sell
ret_prev_3,0.010928546166874912,sell
ret_3,0.010693510121231164,sell
ma_dev_48,0.010442196080668462,sell
ret_48,0.009513066851675472,sell
amount_ratio_5,0.009449327013791226,sell
clv_sum_20,0.009431391324045312,sell
vol_zscore_5_20,0.009264377911351006,sell
vol_5,0.008903757560519776,sell
clv_sum_5,0.008882721788970385,sell
mom_z_10_48,0.008836684590669962,sell
mom_5_20,0.008804748749160823,sell
vwap_roll_slope_20,0.00872208936116559,sell
parkinson_vol_20,0.008670910916336753,sell
upper_shadow,0.008650538142125826,sell
signed_volume,0.008643453617807079,sell
vol_zscore_20_48,0.008618091630128603,sell
signed_volume_sum_48,0.008523948146105537,sell
log_volume_ratio_20,0.008520121964805541,sell
signed_amount_mean_10,0.008474447308782312,sell
vol_zscore_10_48,0.008457215599281021,sell
range_mean_20,0.008394173840180708,sell
range_per_volume_48,0.008335575305756621,sell
down_volume_ratio_mean_5,0.008251735192806274,sell
adl_roll_norm_20,0.008222011037526495,sell
adl_roll_norm_10,0.008170174548663487,sell
signed_amount,0.008169155799847706,sell
vwap_roll_dev_20,0.007910997317048996,sell
up_amount_ratio_mean_5,0.00790555811647014,sell
range_vol_48,0.007863619003034651,sell
ret_20,0.007687356976310639,sell
range_mean_5,0.007685142048049893,sell
clv_volume_mean_5,0.007556597464504492,sell
amount_ratio_20,0.007548406429402978,sell
clv_volume_sum_48,0.007508527196728617,sell
lower_shadow,0.007327299183223128,sell
ret_prev_6,0.007304273300420628,sell
ret_volume,0.007279220916796518,sell
ma_dev_5,0.007229842638799974,sell
amount_ratio_10,0.007177936231662228,sell
mom_change_6,0.007123107054689762,sell
vwap_bar_dev,0.0071229940478161466,sell
vwap_cum_slope_3,0.006704979288751178,sell
clv_volume_sum_5,0.00662352616182053,sell
range_per_volume_20,0.006613826003640334,sell
mom_3_10,0.006503713308339137,sell
range_per_volume_10,0.006496691675700486,sell
down_amount_ratio_mean_10,0.0064667915956314655,sell
close_position,0.006388273394697474,sell
body,0.006306965646034326,sell
amount_change,0.006273821214442779,sell
clv_sum_48,0.006254727622458636,sell
clv_mean_48,0.006208458637573803,sell
amihud_48,0.006115876870368932,sell
signed_volume_mean_10,0.00604134054183278,sell
clv,0.006003280197410135,sell
up_ratio_3,0.005982431311105179,sell
log_volume_ratio_5,0.00593863957566569,sell
signed_amount_sum_5,0.00575446942442585,sell
vwap_spread_20_day,0.00574967092156926,sell
log_volume_same_bar_ratio,0.005579460437840341,sell
ma_gap_10_48,0.005550726898759175,sell
vol_20,0.0054450559667496125,sell
ret_1,0.0054385532663956135,sell
amihud,0.005377042578362528,sell
log_ret_48,0.005371685276844398,sell
log_amount_ratio_5,0.005297762061601074,sell
vol_zscore_5_48,0.005285259641092449,sell
range_vol_5,0.005274850591313443,sell
mom_10_48,0.005222458605666482,sell
range_mean_10,0.005213646403047743,sell
clv_volume_sum_10,0.005158255052260077,sell
amount_ratio_48,0.005135291798410332,sell
signed_volume_mean_20,0.005129625638171089,sell
clv_mean_5,0.005072446528047978,sell
signed_amount_sum_10,0.0050648438675139126,sell
volume_ratio_10,0.004983920167056654,sell
price_zscore_20,0.0049244755097704535,sell
vwap_roll_dev_48,0.004756229554718521,sell
ret_recent_3,0.004687006329414797,sell
ret_volume_sum_5,0.004637867145518885,sell
mom_z_5_20,0.004537178509105246,sell
clv_volume_sum_20,0.004509848177687329,sell
ma_slope_20,0.004471535794627582,sell
clv_mean_10,0.0044509424716520606,sell
mom_z_3_20,0.004418364968679687,sell
parkinson_vol_5,0.004405669053127662,sell
bar_in_day,0.004403042938703852,sell
log_ret_3,0.004397321411965994,sell
down_amount_ratio,0.0043890851088300795,sell
parkinson_vol_10,0.0043737958779246685,sell
volume_same_bar_ratio,0.004258302374947888,sell
adl_roll_norm_48,0.004210294091417722,sell
ma_dev_10,0.004166203910686519,sell
ret_amount,0.004147806413974668,sell
vwap_spread_48_day,0.0040944847537288855,sell
ret_amount_sum_10,0.003967602791078322,sell
log_amount_ratio_10,0.003964317761463407,sell
amihud_20,0.003958508579464072,sell
log_amount_ratio_20,0.0038699558513071507,sell
ma_slope_5,0.0038563253199102574,sell
down_volume_ratio_mean_10,0.00381676218552162,sell
range_mean_48,0.0036898978266946903,sell
vol_10,0.0036276800302788115,sell
ret_amount_sum_5,0.0035973222987214924,sell
log_ret_1,0.00355488549739027,sell
ret_volume_sum_10,0.003467173048978571,sell
clv_volume_mean_48,0.0034607387766199633,sell
down_amount_ratio_mean_5,0.0032990389488705856,sell
vwap_roll_slope_48,0.0032909123365639724,sell
down_volume_ratio_mean_20,0.0032006428302113954,sell
ma_dev_20,0.0031573260597170145,sell
log_amount_same_bar_ratio,0.003151216567052439,sell
up_ratio_10,0.0030468601491230596,sell
clv_volume_mean_10,0.0030355569386521764,sell
volume_ratio_48,0.0030147143254764456,sell
signed_volume_mean_48,0.00293595221226418,sell
up_amount_ratio,0.0028365160189184157,sell
amount_same_bar_ratio,0.002799934458955414,sell
ma_slope_48,0.0026352518719223628,sell
vwap_roll_slope_10,0.002623712149054279,sell
log_volume_ratio_48,0.002617609381867272,sell
signed_amount_mean_48,0.002467506798748594,sell
vwap_cum_slope_6,0.002372167593762817,sell
ma_gap_5_20,0.0022698339451016187,sell
up_amount_ratio_mean_10,0.002243813668820226,sell
up_volume_ratio_mean_20,0.0020998346680832143,sell
down_amount_ratio_mean_20,0.0020810300154821093,sell
signed_amount_sum_20,0.0020755424993907042,sell
vol_zscore_20_20,0.0020562740451103238,sell
is_afternoon,0.002030873429760139,sell
up_volume_ratio,0.0020289686050124567,sell
down_volume_ratio,0.0019685205454411854,sell
clv_sum_10,0.001935314142896001,sell
up_volume_ratio_mean_5,0.001927207261612621,sell
up_amount_ratio_mean_20,0.0018958800715940059,sell
log_ret_20,0.0018548985745601711,sell
price_zscore_48,0.0017361271807068651,sell
signed_volume_sum_20,0.0016546822966934582,sell
log_ret_5,0.0016322526878762436,sell
vwap_roll_dev_5,0.0016193207333231742,sell
down_ratio_5,0.0016148061465625749,sell
vol_zscore_10_20,0.0015539997085155341,sell
clv_volume,0.001512709803001986,sell
ret_5,0.001489525513129685,sell
ret_10,0.0014632743175023804,sell
down_ratio_3,0.0014255173563672997,sell
log_amount_ratio_48,0.0014029419030425882,sell
bar_in_day_pct,0.0012649746082277471,sell
ret_volume_sum_20,0.0012605702678427236,sell
is_after_weekend,0.001222607917496596,sell
signed_amount_mean_20,0.0012222692206868273,sell
log_ret_10,0.0011382328852442853,sell
ma_slope_10,0.0008965215168383131,sell
bar_range,0.0008868467137364232,sell
gap_days,0.0008019442046017125,sell
clv_mean_20,0.0007651479270987857,sell
down_ratio_10,0.0005821688835676215,sell
up_volume_ratio_mean_10,0.0004476329953790308,sell
parkinson_vol_48,0.00043630713267476737,sell
ret_amount_sum_20,0.00039695831072700255,sell
signed_amount_sum_48,0.00038356573301297236,sell
signed_volume_mean_5,0.00030737204183317623,sell
signed_amount_mean_5,0.00019736029704494888,sell
volume_change,8.787452475228835e-05,sell
up_bar,0.0,sell
down_bar,0.0,sell
up_ratio_5,0.0,sell
up_ratio_20,0.0,sell
down_ratio_20,0.0,sell
vol_ratio_10_48,0.0,sell
signed_volume_sum_5,0.0,sell
is_morning,0.0,sell
is_open_30min,0.0,sell
is_close_30min,0.0,sell
is_after_lunch_open,0.0,sell
is_normal_day,0.0,sell
is_after_holiday,0.0,sell
